id,district,neighbourhood,predicted_damage,real_damage,error_ratio,outlier,confidence,damage_class_regression
40139,ADALAR,BURGAZADA NEIGHBORHOOD,0.07537058201,0.07986169096,0.05623608637,0,0.9437639136,Medium
40142,ADALAR,HEYBELIADA NEIGHBORHOOD,0.09388363456,0.1083101042,0.1331959723,0,0.8668040277,Heavy
40143,ADALAR,KINALIADA NEIGHBORHOOD,0.09986822615,0.05536785559,0.6742736742,1,0.7537150972,Heavy
40140,ADALAR,MADEN NEIGHBORHOOD,0.07402345066,0.08874715938,0.1659062535,0,0.8340937465,Medium
40141,ADALAR,NIZAM NEIGHBORHOOD,0.07901038773,0.08381600939,0.05733536701,0,0.942664633,Medium
40490,ARNAVUTKOY,ADNAN MENDERES NEIGHBORHOOD,0.006544602763,0.006452521434,0.01427059625,0,0.9857294038,Minor
99359,ARNAVUTKOY,ANADOLU NEIGHBORHOOD,0.005713382626,0.006072255238,0.05910038319,0,0.9408996168,Minor
40478,ARNAVUTKOY,ARNAVUTKOY MERKEZ NEIGHBORHOOD,0.004512498919,0.004559499329,0.01030823931,0,0.9896917607,Minor
40482,ARNAVUTKOY,ATATURK NEIGHBORHOOD,0.0063579601,0.006447426861,0.01387635136,0,0.9861236486,Minor
191981,ARNAVUTKOY,BAKLALI NEIGHBORHOOD,0.003918408984,0.004072760204,0.03789843067,0,0.9621015693,Minor
191983,ARNAVUTKOY,BALABAN NEIGHBORHOOD,0.001329660469,0.001506385461,0.1173172445,0,0.8826827555,Minor
40483,ARNAVUTKOY,BOGAZKOY ISTIKLAL NEIGHBORHOOD,0.00604609575,0.006243050339,0.03154781363,0,0.9684521864,Minor
40487,ARNAVUTKOY,BOLLUCA NEIGHBORHOOD,0.006571887213,0.005733270767,0.1462719066,0,0.8537280934,Minor
191985,ARNAVUTKOY,BOYALIK NEIGHBORHOOD,0.004333826111,0.003652849614,0.1864233596,0,0.8135766404,Minor
40494,ARNAVUTKOY,CILINGIR NEIGHBORHOOD,0.005365298426,0.005028629246,0.06695048761,0,0.9330495124,Minor
40910,ARNAVUTKOY,DELIKLIKAYA NEIGHBORHOOD,0.009665832504,0.00742554527,0.3017000305,0,0.6982999695,Minor
40911,ARNAVUTKOY,DURSUNKOY NEIGHBORHOOD,0.006394924644,0.007043857754,0.09212751477,0,0.9078724852,Minor
40915,ARNAVUTKOY,DURUSU NEIGHBORHOOD,0.003309056813,0.003079582718,0.07451467179,0,0.9254853282,Minor
40495,ARNAVUTKOY,FATIH NEIGHBORHOOD,0.004986794362,0.004842218901,0.02985727498,0,0.970142725,Minor
191975,ARNAVUTKOY,HACIMASLI NEIGHBORHOOD,0.006306037251,0.005160096172,0.2220774654,0,0.7779225346,Minor
40913,ARNAVUTKOY,HADIMKOY NEIGHBORHOOD,0.006429502353,0.004515506499,0.4238717968,0,0.5761282032,Minor
40489,ARNAVUTKOY,HARACCI NEIGHBORHOOD,0.005172394694,0.004988323755,0.03690035931,0,0.9630996407,Minor
40912,ARNAVUTKOY,HASTANE NEIGHBORHOOD,0.006021219498,0.005266903211,0.1432181789,0,0.8567818211,Minor
40486,ARNAVUTKOY,HICRET NEIGHBORHOOD,0.006649880532,0.00581740568,0.9651030372,0,0.990975183,Minor
40481,ARNAVUTKOY,IMRAHOR NEIGHBORHOOD,0.00618324997,0.006065679879,0.01938283811,0,0.9806171619,Minor
40479,ARNAVUTKOY,ISLAMBEY NEIGHBORHOOD,0.006321359822,0.005890935301,0.0730655659,0,0.9269344341,Minor
191987,ARNAVUTKOY,KARABURUN NEIGHBORHOOD,0.001396152619,0.001845454073,0.2434639042,0,0.7565360958,Minor
40488,ARNAVUTKOY,KARLIBAYIR NEIGHBORHOOD,0.005868742199,0.005531228694,0.0610196258,0,0.9389803742,Minor
40493,ARNAVUTKOY,MARESAL FEVZI CAKMAK NEIGHBORHOOD,0.004576779914,0.004426110675,0.0340410012,0,0.9659589988,Minor
40485,ARNAVUTKOY,MAVIGOL NEIGHBORHOOD,0.005006121806,0.004628418575,0.08160524472,0,0.9183947553,Minor
40491,ARNAVUTKOY,MEHMET AKIF ERSOY NEIGHBORHOOD,0.00532590353,0.005350260201,0.004552427276,0,0.9954475727,Minor
99358,ARNAVUTKOY,MUSTAFA KEMAL PASA NEIGHBORHOOD,0.01593379336,0.006184556146,1.050766829,1,0.9624741747,Minor
99357,ARNAVUTKOY,NENEHATUN NEIGHBORHOOD,0.004668065808,0.005178030044,0.09848614839,0,0.9015138516,Minor
40906,ARNAVUTKOY,OMERLI NEIGHBORHOOD,0.01427342162,0.007158495696,2.04064657,1,0.9683930326,Minor
40907,ARNAVUTKOY,SAZLIBOSNA NEIGHBORHOOD,0.00616764391,0.005547303666,0.1118273455,0,0.8881726545,Minor
40492,ARNAVUTKOY,TASOLUK NEIGHBORHOOD,0.006020893973,0.005500913623,0.09452617967,0,0.9054738203,Minor
191977,ARNAVUTKOY,TAYAKADIN NEIGHBORHOOD,0.004573125154,0.004135276657,0.105881307,0,0.894118693,Minor
40914,ARNAVUTKOY,TERKOS NEIGHBORHOOD,0.002786795136,0.003048062149,0.08571577611,0,0.9142842239,Minor
191989,ARNAVUTKOY,YASSIOREN NEIGHBORHOOD,0.002284644345,0.002382150997,0.04093218775,0,0.9590678122,Minor
40480,ARNAVUTKOY,YAVUZ SELIM NEIGHBORHOOD,0.006246332108,0.00545557549,0.1449446754,0,0.8550553246,Minor
191979,ARNAVUTKOY,YENIKOY NEIGHBORHOOD,0.004137499036,0.002941704738,0.4064970502,0,0.5935029498,Minor
40908,ARNAVUTKOY,YESILBAYIR NEIGHBORHOOD,0.006348472509,0.006139977193,0.03395701812,0,0.9660429819,Minor
40484,ARNAVUTKOY,YUNUS EMRE NEIGHBORHOOD,0.006752052782,0.006203787791,0.0883758455,0,0.9116241545,Minor
98687,ATASEHIR,ASIKVEYSEL NEIGHBORHOOD,0.02090110245,0.02054698913,0.01723431671,0,0.9827656833,Minor
99749,ATASEHIR,ATATURK NEIGHBORHOOD,0.02347906594,0.01846014205,1.414691359,0,0.7977185576,Minor
40527,ATASEHIR,BARBAROS NEIGHBORHOOD,0.03655966181,0.03552366779,0.02916348702,0,0.970836513,Medium
40793,ATASEHIR,ESATPASA NEIGHBORHOOD,0.0136299372,0.01177609005,0.1574246752,0,0.8425753248,Minor
40577,ATASEHIR,FERHATPASA NEIGHBORHOOD,0.01047912273,0.0099010084,0.0583894398,0,0.9416105602,Minor
40795,ATASEHIR,FETIH NEIGHBORHOOD,0.009957035658,0.01014375197,0.01840702639,0,0.9815929736,Minor
40530,ATASEHIR,ICERENKOY NEIGHBORHOOD,0.03474884928,0.02377149874,1.259215327,0,0.9298742872,Medium
40534,ATASEHIR,INONU NEIGHBORHOOD,0.01550758192,0.01517150252,0.02215201803,0,0.977847982,Minor
40533,ATASEHIR,KAYISDAGI NEIGHBORHOOD,0.01966954729,0.01941232941,0.01325023296,0,0.986749767,Minor
40531,ATASEHIR,KUCUKBAKKALKOY NEIGHBORHOOD,0.03127326084,0.03428054231,0.08772560958,0,0.9122743904,Medium
99516,ATASEHIR,MEVLANA NEIGHBORHOOD,0.01549738122,0.01390444963,0.1145627217,0,0.8854372783,Minor
99519,ATASEHIR,MIMAR SINAN NEIGHBORHOOD,0.01360663777,0.01327367486,0.02508445624,0,0.9749155438,Minor
40740,ATASEHIR,MUSTAFA KEMAL NEIGHBORHOOD,0.02370714743,0.02434693427,0.02627792186,0,0.9737220781,Minor
40816,ATASEHIR,ORNEK NEIGHBORHOOD,0.02208712474,0.02329187442,0.05172403313,0,0.9482759669,Minor
40746,ATASEHIR,YENI CAMLICA NEIGHBORHOOD,0.01825157577,0.01811779737,0.007383811738,0,0.9926161883,Minor
40526,ATASEHIR,YENISAHRA NEIGHBORHOOD,0.04365699918,0.04158564965,0.04980923811,0,0.9501907619,Medium
99517,ATASEHIR,YENISEHIR NEIGHBORHOOD,0.02565281778,0.005390729256,7.949528707,1,0.8840388778,Minor
40146,AVCILAR,AMBARLI NEIGHBORHOOD,0.1576672017,0.1613843586,0.02303294417,0,0.9769670558,Heavy
40148,AVCILAR,CIHANGIR NEIGHBORHOOD,0.1118602656,0.1173302091,0.04662007773,0,0.9533799223,Heavy
40147,AVCILAR,DENIZKOSKLER NEIGHBORHOOD,0.1594423807,0.1385242699,0.1510068296,0,0.8489931704,Heavy
40152,AVCILAR,FIRUZKOY NEIGHBORHOOD,0.1086853127,0.03893508967,1.802823075,1,0.8628988777,Heavy
40151,AVCILAR,GUMUSPALA NEIGHBORHOOD,0.1494166143,0.1352878253,0.104435037,0,0.895564963,Heavy
40145,AVCILAR,MERKEZ NEIGHBORHOOD,0.2140244412,0.1547288425,0.5439828479,1,0.6801104281,Very Heavy
40150,AVCILAR,MUSTAFA KEMALPASA NEIGHBORHOOD,0.1824854077,0.1014765424,1.25605819,1,0.8168033382,Very Heavy
40154,AVCILAR,TAHTAKALE NEIGHBORHOOD,0.01234324028,0.0178767127,0.3095352325,0,0.6904647675,Minor
40149,AVCILAR,UNIVERSITE NEIGHBORHOOD,0.09638043603,0.07078725555,0.9698005012,0,0.8551627316,Heavy
40153,AVCILAR,YESILKENT NEIGHBORHOOD,0.03354902223,0.03495963082,0.04034964199,0,0.959650358,Medium
40176,BAGCILAR,100. YIL NEIGHBORHOOD,0.07831869076,0.01554695584,3.237952335,1,0.8914457527,Medium
40155,BAGCILAR,BAGLAR NEIGHBORHOOD,0.1119609675,0.1130890449,0.009975125231,0,0.9900248748,Heavy
40157,BAGCILAR,BARBAROS NEIGHBORHOOD,0.1691078973,0.1700428726,0.005498467882,0,0.9945015321,Heavy
40163,BAGCILAR,CINAR NEIGHBORHOOD,0.175830848,0.1756163816,0.001221220949,0,0.9987787791,Heavy
40171,BAGCILAR,DEMIRKAPI NEIGHBORHOOD,0.1103380562,0.1102988222,0.0003557062576,0,0.9996442937,Heavy
40169,BAGCILAR,15 TEMMUZ NEIGHBORHOOD,0.09798968012,0.09416005252,0.04067146837,0,0.9593285316,Heavy
40172,BAGCILAR,FATIH NEIGHBORHOOD,0.0629850897,0.06585557456,0.04358757595,0,0.956412424,Medium
40173,BAGCILAR,FEVZI CAKMAK NEIGHBORHOOD,0.1023990917,0.1009658537,0.01419527451,0,0.9858047255,Heavy
40175,BAGCILAR,GOZTEPE NEIGHBORHOOD,0.07860906366,0.05397328135,0.623295502,0,0.8482584549,Medium
40168,BAGCILAR,GUNESLI NEIGHBORHOOD,0.1190948875,0.1183823337,0.006019089389,0,0.9939809106,Heavy
40156,BAGCILAR,HURRIYET NEIGHBORHOOD,0.171508371,0.1697729891,0.01022177857,0,0.9897782214,Heavy
40159,BAGCILAR,INONU NEIGHBORHOOD,0.1785669034,0.1817393395,0.01745596803,0,0.982544032,Heavy
40158,BAGCILAR,KAZIM KARABEKIR NEIGHBORHOOD,0.169496498,0.1670334403,0.01474589577,0,0.9852541042,Heavy
40174,BAGCILAR,KEMALPASA NEIGHBORHOOD,0.0678578323,0.06405946025,0.05929447484,0,0.9407055252,Medium
40166,BAGCILAR,KIRAZLI NEIGHBORHOOD,0.1294532487,0.1317505226,0.01743654483,0,0.9825634552,Heavy
40170,BAGCILAR,MAHMUTBEY NEIGHBORHOOD,0.04698079303,0.04609874018,0.01913399019,0,0.9808660098,Medium
40162,BAGCILAR,MERKEZ NEIGHBORHOOD,0.1302949428,0.1845037779,0.369822402,1,0.8613701793,Heavy
40164,BAGCILAR,SANCAKTEPE NEIGHBORHOOD,0.1298457813,0.1295858894,0.00200555716,0,0.9979944428,Heavy
40165,BAGCILAR,YAVUZ SELIM NEIGHBORHOOD,0.113960149,0.1277034841,0.1076191088,0,0.8923808912,Heavy
40161,BAGCILAR,YENIGUN NEIGHBORHOOD,0.2265794164,0.2206088816,0.02706389136,0,0.9729361086,Very Heavy
40167,BAGCILAR,YENIMAHALLE NEIGHBORHOOD,0.1158085647,0.1177204206,0.01624064792,0,0.9837593521,Heavy
40160,BAGCILAR,YILDIZTEPE NEIGHBORHOOD,0.2054939847,0.2080132756,0.01211120233,0,0.9878887977,Very Heavy
40177,BAHCELIEVLER,BAHCELIEVLER NEIGHBORHOOD,0.3381608503,0.3309187274,0.02188489878,0,0.9781151012,Very Heavy
40181,BAHCELIEVLER,CUMHURIYET NEIGHBORHOOD,0.2164637601,0.2206894179,0.01914753277,0,0.9808524672,Very Heavy
40184,BAHCELIEVLER,COBANCESME NEIGHBORHOOD,0.1743092723,0.1710532962,0.01903486355,0,0.9809651364,Heavy
40185,BAHCELIEVLER,FEVZI CAKMAK NEIGHBORHOOD,0.2211431089,0.2306127187,0.0410628255,0,0.9589371745,Very Heavy
40187,BAHCELIEVLER,HURRIYET NEIGHBORHOOD,0.2792992201,0.266186231,0.04926246207,0,0.9507375379,Very Heavy
40182,BAHCELIEVLER,KOCASINAN MERKEZ NEIGHBORHOOD,0.2064746348,0.209377222,0.01386295597,0,0.986137044,Very Heavy
40179,BAHCELIEVLER,SIYAVUSPASA NEIGHBORHOOD,0.3526382978,0.3538100514,0.003311815679,0,0.9966881843,Very Heavy
40180,BAHCELIEVLER,SOGANLI NEIGHBORHOOD,0.2874149966,0.279122782,0.02970812543,0,0.9702918746,Very Heavy
40178,BAHCELIEVLER,SIRINEVLER NEIGHBORHOOD,0.3535866135,0.359260361,0.01579285688,0,0.9842071431,Very Heavy
40183,BAHCELIEVLER,YENIBOSNA MERKEZ NEIGHBORHOOD,0.1350404296,0.136218816,0.008650687192,0,0.9913493128,Heavy
40186,BAHCELIEVLER,ZAFER NEIGHBORHOOD,0.2259918622,0.2284650315,0.01082515432,0,0.9891748457,Very Heavy
40202,BAKIRKOY,ATAKOY 1. KISIM NEIGHBORHOOD,0.3950917185,0.4360248654,0.09387801057,0,0.9061219894,Very Heavy
40194,BAKIRKOY,ATAKOY 2-5-6. KISIM NEIGHBORHOOD,0.6758686237,1,0.3241313763,1,0.6758686237,Very Heavy
40201,BAKIRKOY,ATAKOY 3-4-11. KISIM NEIGHBORHOOD,0.486177808,0.5644014312,0.1385957209,0,0.8614042791,Very Heavy
40196,BAKIRKOY,ATAKOY 7-8-9-10. KISIM NEIGHBORHOOD,0.4680747435,0.4013700911,0.1661923841,0,0.8338076159,Very Heavy
40200,BAKIRKOY,BASINKOY NEIGHBORHOOD,0.1487146196,0.2942999188,0.3351043117,1,0.7038313008,Heavy
40192,BAKIRKOY,CEVIZLIK NEIGHBORHOOD,0.1910850606,0.1699077307,0.4218366443,0,0.8154081552,Very Heavy
40197,BAKIRKOY,KARTALTEPE NEIGHBORHOOD,0.3855534566,0.3932507884,0.01957359536,0,0.9804264046,Very Heavy
40188,BAKIRKOY,OSMANIYE NEIGHBORHOOD,0.2867045712,0.3122238089,0.08173379788,0,0.9182662021,Very Heavy
40191,BAKIRKOY,SAKIZAGACI NEIGHBORHOOD,0.3395671215,0.319169829,0.063907333,0,0.936092667,Very Heavy
40199,BAKIRKOY,SENLIKKOY NEIGHBORHOOD,0.2039512226,0.261152692,0.219034577,1,0.780965423,Very Heavy
40190,BAKIRKOY,YENIMAHALLE NEIGHBORHOOD,0.3240684957,0.3125507142,0.03685092043,0,0.9631490796,Very Heavy
40189,BAKIRKOY,YESILKOY NEIGHBORHOOD,0.2851275435,0.2702990337,0.05485964783,0,0.9451403522,Very Heavy
40195,BAKIRKOY,YESILYURT NEIGHBORHOOD,0.4100846102,0.4096447587,0.001073738906,0,0.9989262611,Very Heavy
40193,BAKIRKOY,ZEYTINLIK NEIGHBORHOOD,0.1789892378,0.1873771205,0.04476471139,0,0.9552352886,Heavy
40198,BAKIRKOY,ZUHURATBABA NEIGHBORHOOD,0.3531447463,0.3564406866,0.009246812762,0,0.9907531872,Very Heavy
40598,BASAKSEHIR,ALTINSEHIR NEIGHBORHOOD,0.0349062929,0.03512162231,0.00613096409,0,0.9938690359,Medium
40871,BASAKSEHIR,BAHCESEHIR 1. KISIM NEIGHBORHOOD,0.01225720695,0.01357475573,0.09705874703,0,0.902941253,Minor
40872,BASAKSEHIR,BAHCESEHIR 2. KISIM NEIGHBORHOOD,0.03060881028,0.03028957971,0.01053928699,0,0.989460713,Medium
40357,BASAKSEHIR,BASAK NEIGHBORHOOD,0.0208621796,0.007670112697,5.100548446,1,0.8730174944,Minor
40581,BASAKSEHIR,BASAKSEHIR NEIGHBORHOOD,0.03174222195,0.008926769098,2.78365797,1,0.8395476411,Medium
40597,BASAKSEHIR,GUVERCINTEPE NEIGHBORHOOD,0.03034008262,0.03071062628,0.01206564966,0,0.9879343503,Medium
40583,BASAKSEHIR,KAYABASI NEIGHBORHOOD,0.02167417621,0.01087434503,1.950089936,1,0.861301483,Minor
40584,BASAKSEHIR,SAHINTEPE NEIGHBORHOOD,0.02167917342,0.0219084257,0.01046411463,0,0.9895358854,Minor
191991,BASAKSEHIR,SAMLAR NEIGHBORHOOD,0.006967900632,0.006923902247,0.006354564707,0,0.9936454353,Minor
40585,BASAKSEHIR,ZIYA GOKALP NEIGHBORHOOD,0.02006108783,0.01858087849,0.07966304355,0,0.9203369564,Minor
40207,BAYRAMPASA,ALTINTEPSI NEIGHBORHOOD,0.113027874,0.1147736413,0.01521052445,0,0.9847894756,Heavy
40203,BAYRAMPASA,CEVATPASA NEIGHBORHOOD,0.06516306298,0.06782738809,0.03928096286,0,0.9607190371,Medium
40209,BAYRAMPASA,ISMET PASA NEIGHBORHOOD,0.1412296485,0.1424694073,0.008701929962,0,0.99129807,Heavy
40211,BAYRAMPASA,KARTALTEPE NEIGHBORHOOD,0.09532297668,0.09759772535,0.02330739429,0,0.9766926057,Heavy
40212,BAYRAMPASA,KOCATEPE NEIGHBORHOOD,0.1001330792,0.1013410822,0.01192017015,0,0.9880798299,Heavy
40213,BAYRAMPASA,MURATPASA NEIGHBORHOOD,0.1330041305,0.1381663741,0.03736251726,0,0.9626374827,Heavy
40204,BAYRAMPASA,ORTAMAHALLE NEIGHBORHOOD,0.1159357036,0.1158293391,0.0009182866945,0,0.9990817133,Heavy
40206,BAYRAMPASA,TERAZIDERE NEIGHBORHOOD,0.1100832552,0.1055269253,0.04317694127,0,0.9568230587,Heavy
40205,BAYRAMPASA,VATAN NEIGHBORHOOD,0.1021363871,0.09637489828,0.059782048,0,0.940217952,Heavy
40208,BAYRAMPASA,YENIDOGAN NEIGHBORHOOD,0.1004722675,0.1224589186,0.1795430779,0,0.8204569221,Heavy
40210,BAYRAMPASA,YILDIRIM NEIGHBORHOOD,0.07867213159,0.08231058036,0.04420390136,0,0.9557960986,Medium
40219,BESIKTAS,ABBASAGA NEIGHBORHOOD,0.01358704614,0.01573825227,0.1366864687,0,0.8633135313,Minor
40234,BESIKTAS,AKAT NEIGHBORHOOD,0.00843609229,0.008962584772,0.05874337539,0,0.9412566246,Minor
40231,BESIKTAS,ARNAVUTKOY NEIGHBORHOOD,0.01727766417,0.004179339283,3.609164281,1,0.9615147576,Minor
40223,BESIKTAS,BALMUMCU NEIGHBORHOOD,0.007458805464,0.007495042698,0.004834826936,0,0.9951651731,Minor
40232,BESIKTAS,BEBEK NEIGHBORHOOD,0.005874201153,0.00548618367,0.07072630192,0,0.9292736981,Minor
40217,BESIKTAS,CIHANNUMA NEIGHBORHOOD,0.0244982252,0.02362125695,0.03712623138,0,0.9628737686,Minor
40221,BESIKTAS,DIKILITAS NEIGHBORHOOD,0.01674492804,0.01497010136,0.1185580939,0,0.8814419061,Minor
40233,BESIKTAS,ETILER NEIGHBORHOOD,0.005202257467,0.005915770558,0.1206120292,0,0.8793879708,Minor
40222,BESIKTAS,GAYRETTEPE NEIGHBORHOOD,0.02127541134,0.01272521746,0.6022823163,1,0.8789726235,Minor
40236,BESIKTAS,KONAKLAR NEIGHBORHOOD,0.007029665056,0.007169679277,0.01952865894,0,0.9804713411,Minor
40228,BESIKTAS,KURUCESME NEIGHBORHOOD,0.005075348108,0.004984852494,0.0181541208,0,0.9818458792,Minor
40229,BESIKTAS,KULTUR NEIGHBORHOOD,0.004329019178,0.004141849237,0.04518994541,0,0.9548100546,Minor
40226,BESIKTAS,LEVAZIM NEIGHBORHOOD,0.005304289512,0.006003222939,0.1164263653,0,0.8835736347,Minor
40235,BESIKTAS,LEVENT NEIGHBORHOOD,0.007909051081,0.005678708248,0.3927553125,0,0.6072446875,Minor
40224,BESIKTAS,MECIDIYE NEIGHBORHOOD,0.03172911689,0.03246076424,0.02253943709,0,0.9774605629,Medium
40216,BESIKTAS,MURADIYE NEIGHBORHOOD,0.014548437,0.0146970884,0.01011434344,0,0.9898856566,Minor
40230,BESIKTAS,NISBETIYE NEIGHBORHOOD,0.01749496903,0.005607111579,0.5270466819,1,0.8939549366,Minor
40225,BESIKTAS,ORTAKOY NEIGHBORHOOD,0.01810645121,0.01832873187,0.01212744366,0,0.9878725563,Minor
40215,BESIKTAS,SINANPASA NEIGHBORHOOD,0.04130974698,0.04042869604,0.02179271239,0,0.9782072876,Medium
40218,BESIKTAS,TURKALI NEIGHBORHOOD,0.01867876258,0.02850855908,0.3448015901,0,0.6551984099,Minor
40227,BESIKTAS,ULUS NEIGHBORHOOD,0.007743870403,0.005971538885,0.296796446,0,0.703203554,Minor
40214,BESIKTAS,VISNEZADE NEIGHBORHOOD,0.01681527584,0.01527591093,0.1007707439,0,0.8992292561,Minor
40220,BESIKTAS,YILDIZ NEIGHBORHOOD,0.01419825184,0.01418963438,0.0006073065294,0,0.9993926935,Minor
40250,BEYKOZ,ACARLAR NEIGHBORHOOD,0.003080207,0.002916651813,0.05607634973,0,0.9439236503,Minor
191701,BEYKOZ,AKBABA NEIGHBORHOOD,0.001927384437,0.00167526173,0.150497503,0,0.849502497,Minor
191703,BEYKOZ,ALIBAHADIR NEIGHBORHOOD,0.004102406752,0.004282904031,0.0421436664,0,0.9578563336,Minor
191705,BEYKOZ,ANADOLU FENERI NEIGHBORHOOD,0.003083227384,0.002550904527,0.5877160382,0,0.9961808776,Minor
40243,BEYKOZ,ANADOLU HISARI NEIGHBORHOOD,0.01193466023,0.01020195965,0.1698399755,0,0.8301600245,Minor
40256,BEYKOZ,ANADOLU KAVAGI NEIGHBORHOOD,0.003839858024,0.00389501666,0.01416133498,0,0.985838665,Minor
40257,BEYKOZ,BAKLACI NEIGHBORHOOD,0.003837366413,0.004748003794,0.1917937349,0,0.8082062651,Minor
191725,BEYKOZ,BOZHANE NEIGHBORHOOD,0.004647237408,0.004785737986,0.02894027598,0,0.971059724,Minor
191727,BEYKOZ,CUMHURIYET NEIGHBORHOOD,0.003520058845,0.003653345085,0.03648334259,0,0.9635166574,Minor
40253,BEYKOZ,CAMLIBAHCE NEIGHBORHOOD,0.02008797,0.02540186611,0.2091931393,0,0.7908068607,Minor
40258,BEYKOZ,CENGELDERE NEIGHBORHOOD,0.003830134172,0.003788799902,0.01090959422,0,0.9890904058,Minor
40259,BEYKOZ,CIFTLIK NEIGHBORHOOD,0.004973872972,0.004255312419,0.1688619969,0,0.8311380031,Minor
40240,BEYKOZ,CIGDEM NEIGHBORHOOD,0.01767684613,0.002438377827,7.86980132,1,0.9377697926,Minor
40241,BEYKOZ,CUBUKLU NEIGHBORHOOD,0.008238451467,0.009080832361,0.0927647225,0,0.9072352775,Minor
191709,BEYKOZ,DERESEKI NEIGHBORHOOD,0.002799003706,0.001634027255,1.065330858,0,0.9953570783,Minor
191711,BEYKOZ,ELMALI NEIGHBORHOOD,0.002941450206,0.002911814766,0.01017765281,0,0.9898223472,Minor
40260,BEYKOZ,FATIH NEIGHBORHOOD,0.003996940887,0.003841576605,0.04044284346,0,0.9595571565,Minor
40244,BEYKOZ,GOKSU NEIGHBORHOOD,0.01656202718,0.01968000823,0.1584339301,0,0.8415660699,Minor
191729,BEYKOZ,GOLLU NEIGHBORHOOD,0.00261159026,0.003391171868,0.2298856085,0,0.7701143915,Minor
191713,BEYKOZ,GORELE NEIGHBORHOOD,0.003386155456,0.003930898364,0.1385797489,0,0.8614202511,Minor
40246,BEYKOZ,GOZTEPE NEIGHBORHOOD,0.01167378773,0.01164378693,0.00257655069,0,0.9974234493,Minor
40237,BEYKOZ,GUMUSSUYU NEIGHBORHOOD,0.007376327396,0.007172365758,0.0284371497,0,0.9715628503,Minor
40238,BEYKOZ,INCIRKOY NEIGHBORHOOD,0.01002160391,0.005227662096,0.8696192288,1,0.9687865067,Minor
191731,BEYKOZ,ISHAKLI NEIGHBORHOOD,0.002598539489,0.003298142847,0.2121203934,0,0.7878796066,Minor
40242,BEYKOZ,KANLICA NEIGHBORHOOD,0.005865765949,0.004891942771,0.199066756,0,0.800933244,Minor
40247,BEYKOZ,KAVACIK NEIGHBORHOOD,0.01216446056,0.01157982465,0.0504874582,0,0.9495125418,Minor
191715,BEYKOZ,KAYNARCA NEIGHBORHOOD,0.002564431012,0.002542551889,0.00860518245,0,0.9913948176,Minor
191733,BEYKOZ,KILICLI NEIGHBORHOOD,0.00157587868,0.002156626452,0.2692852867,0,0.7307147133,Minor
191723,BEYKOZ,MAHMUTSEVKETPASA NEIGHBORHOOD,0.003751902659,0.003534592055,0.06148109922,0,0.9385189008,Minor
40251,BEYKOZ,MERKEZ NEIGHBORHOOD,0.007010458173,0.001755574172,0.9125613314,1,0.9715482094,Minor
40254,BEYKOZ,ORTACESME NEIGHBORHOOD,0.004579304723,0.008665783825,0.4715648561,0,0.5284351439,Minor
191735,BEYKOZ,OGUMCE NEIGHBORHOOD,0.005214631178,0.004640810901,0.1236465543,0,0.8763534457,Minor
191721,BEYKOZ,ORNEKKOY NEIGHBORHOOD,0.003386983502,0.002789393861,0.2142363791,0,0.7857636209,Minor
40239,BEYKOZ,PASABAHCE NEIGHBORHOOD,0.01233437944,0.01330453194,0.07291895,0,0.92708105,Minor
191737,BEYKOZ,PASAMANDIRA NEIGHBORHOOD,0.004848401992,0.004888815509,0.008266525324,0,0.9917334747,Minor
191717,BEYKOZ,POLONEZKOY NEIGHBORHOOD,0.005529909723,0.006435388,0.1407029812,0,0.8592970188,Minor
16634,BEYKOZ,POYRAZKOY NEIGHBORHOOD,0.004124655401,0.00529358632,0.5497924546,0,0.9919790442,Minor
191707,BEYKOZ,RIVA NEIGHBORHOOD,0.00454564396,0.001676528595,2.627888972,1,0.985483643,Minor
40248,BEYKOZ,RUZGARLIBAHCE NEIGHBORHOOD,0.008136850177,0.007960277529,0.02218172013,0,0.9778182799,Minor
40249,BEYKOZ,SOGUKSU NEIGHBORHOOD,0.001673131192,0.00172191251,0.02832973085,0,0.9716702692,Minor
40255,BEYKOZ,TOKATKOY NEIGHBORHOOD,0.008098406536,0.008021808693,0.009548699852,0,0.9904513001,Minor
40252,BEYKOZ,YALIKOY NEIGHBORHOOD,0.01720868678,0.01227866834,0.4015108397,0,0.5984891603,Minor
40261,BEYKOZ,YAVUZ SELIM NEIGHBORHOOD,0.004375529773,0.003893991481,0.1236618759,0,0.8763381241,Minor
40245,BEYKOZ,YENI MAHALLE NEIGHBORHOOD,0.01148151683,0.0116456665,0.01409534312,0,0.9859046569,Minor
191739,BEYKOZ,ZERZAVATCI NEIGHBORHOOD,0.002866979112,0.003148201717,0.08932801353,0,0.9106719865,Minor
40869,BEYLIKDUZU,ADNAN KAHVECI NEIGHBORHOOD,0.2546266654,0.2320429377,0.09732564147,0,0.9026743585,Very Heavy
40875,BEYLIKDUZU,BARIS NEIGHBORHOOD,0.3379123636,0.3527687222,0.04211359359,0,0.9578864064,Very Heavy
40877,BEYLIKDUZU,BUYUKSEHIR NEIGHBORHOOD,0.2755720605,0.3474445578,0.2068603341,1,0.7931396659,Very Heavy
40874,BEYLIKDUZU,CUMHURIYET NEIGHBORHOOD,0.3144769282,0.345087168,0.08870292096,0,0.911297079,Very Heavy
40870,BEYLIKDUZU,DEREAGZI NEIGHBORHOOD,0.1041965836,0.07013729144,0.4856088887,0,0.5143911113,Heavy
40867,BEYLIKDUZU,GURPINAR NEIGHBORHOOD,0.1042439786,0.1129019143,0.07668546355,0,0.9233145364,Heavy
40873,BEYLIKDUZU,KAVAKLI NEIGHBORHOOD,0.1380469246,0.135796764,0.6418485302,0,0.7457134742,Heavy
40893,BEYLIKDUZU,MARMARA NEIGHBORHOOD,0.2759105698,0.2079187311,0.327011609,1,0.672988391,Very Heavy
40876,BEYLIKDUZU,SAHIL NEIGHBORHOOD,0.1333574167,0.09615357196,0.3869210891,0,0.6130789109,Heavy
40894,BEYLIKDUZU,YAKUPLU NEIGHBORHOOD,0.1335395291,0.1368004646,0.02383716753,0,0.9761628325,Heavy
40299,BEYOGLU,ARAP CAMI NEIGHBORHOOD,0.02826552468,0.02707176549,0.0440960967,0,0.9559039033,Minor
40281,BEYOGLU,ASMALI MESCIT NEIGHBORHOOD,0.06367926902,0.009155708864,2.133985819,1,0.8146238628,Medium
40300,BEYOGLU,BEDRETTIN NEIGHBORHOOD,0.03131883995,0.02356004083,0.3293202749,0,0.6706797251,Medium
40298,BEYOGLU,BEREKETZADE NEIGHBORHOOD,0.01456872011,0.01571989799,0.07323062047,0,0.9267693795,Minor
40291,BEYOGLU,BOSTAN NEIGHBORHOOD,0.06805865088,0.07887866309,0.1371728651,0,0.8628271349,Medium
40292,BEYOGLU,BULBUL NEIGHBORHOOD,0.0334663653,0.0147243313,0.6989802349,1,0.9213528281,Medium
40301,BEYOGLU,CAMIIKEBIR NEIGHBORHOOD,0.09322476719,0.09567343196,0.02559398909,0,0.9744060109,Heavy
40275,BEYOGLU,CIHANGIR NEIGHBORHOOD,0.008371025087,0.008602726595,0.02693349672,0,0.9730665033,Minor
40283,BEYOGLU,CATMA MESCIT NEIGHBORHOOD,0.02226752172,0.02407977226,0.0752602858,0,0.9247397142,Minor
40293,BEYOGLU,CUKUR NEIGHBORHOOD,0.02303263944,0.01944798527,0.1843200784,0,0.8156799216,Minor
40269,BEYOGLU,EMEKYEMEZ NEIGHBORHOOD,0.02905051513,0.02827880372,0.02728939387,0,0.9727106061,Minor
40282,BEYOGLU,EVLIYA CELEBI NEIGHBORHOOD,0.01234935523,0.01283115967,0.03754956328,0,0.9624504367,Minor
40262,BEYOGLU,FETIHTEPE NEIGHBORHOOD,0.02601417683,0.02216900793,0.1734479461,0,0.8265520539,Minor
40276,BEYOGLU,FIRUZAGA NEIGHBORHOOD,0.01788036748,0.01665586767,0.07351762368,0,0.9264823763,Minor
40278,BEYOGLU,GUMUSSUYU NEIGHBORHOOD,0.02443243399,0.00918930833,2.97814182,1,0.9364226241,Minor
40280,BEYOGLU,HACIAHMET NEIGHBORHOOD,0.04653286749,0.0472249572,0.01465516856,0,0.9853448314,Medium
40285,BEYOGLU,HACIMIMI NEIGHBORHOOD,0.04375801761,0.04662854852,0.06156166143,0,0.9384383386,Medium
40304,BEYOGLU,HALICIOGLU NEIGHBORHOOD,0.07544424099,0.07581771262,0.004925915286,0,0.9950740847,Medium
40272,BEYOGLU,HUSEYINAGA NEIGHBORHOOD,0.02176902128,0.009007618311,0.7329453139,1,0.9173378932,Minor
40279,BEYOGLU,ISTIKLAL NEIGHBORHOOD,0.05166901169,0.0526586769,0.01879396262,0,0.9812060374,Medium
40267,BEYOGLU,KADI MEHMET EFENDI NEIGHBORHOOD,0.05725816517,0.05607504551,0.02109886218,0,0.9789011378,Medium
40270,BEYOGLU,KALYONCU KULLUGU NEIGHBORHOOD,0.03252881697,0.02913682293,0.1164160568,0,0.8835839432,Medium
40271,BEYOGLU,KAMER HATUN NEIGHBORHOOD,0.02111489308,0.02179902795,0.03138373269,0,0.9686162673,Minor
40264,BEYOGLU,KAPTANPASA NEIGHBORHOOD,0.04551795556,0.04182068295,0.08840775304,0,0.911592247,Medium
40274,BEYOGLU,KATIP MUSTAFA CELEBI NEIGHBORHOOD,0.006858109899,0.00770530489,0.1099495741,0,0.8900504259,Minor
40302,BEYOGLU,KECECI PIRI NEIGHBORHOOD,0.0398574798,0.03586924566,0.1111881243,0,0.8888118757,Medium
40297,BEYOGLU,KEMANKES KARA MUSTAFA PASA NEIGHBORHOOD,0.06160628357,0.06157794986,0.0004601275684,0,0.9995398724,Medium
40296,BEYOGLU,KILICALI PASA NEIGHBORHOOD,0.03016388631,0.01095677265,2.373955172,1,0.837559489,Medium
40277,BEYOGLU,KOCATEPE NEIGHBORHOOD,0.01360935936,0.01363701134,0.002027715766,0,0.9979722842,Minor
40266,BEYOGLU,KULAKSIZ NEIGHBORHOOD,0.09571812311,0.09996997601,0.04253129858,0,0.9574687014,Heavy
40288,BEYOGLU,KULOGLU NEIGHBORHOOD,0.01042038209,0.009483454006,0.09879608063,0,0.9012039194,Minor
40268,BEYOGLU,KUCUK PIYALE NEIGHBORHOOD,0.080700161,0.08105211782,0.004342351997,0,0.995657648,Heavy
40286,BEYOGLU,MUEYYETZADE NEIGHBORHOOD,0.01305609186,0.01037536537,0.2583741774,0,0.7416258226,Minor
40294,BEYOGLU,OMER AVNI NEIGHBORHOOD,0.02617569177,0.02349968059,0.1138743642,0,0.8861256358,Minor
40305,BEYOGLU,ORNEKTEPE NEIGHBORHOOD,0.05397955262,0.05963945766,0.09490202062,0,0.9050979794,Medium
40303,BEYOGLU,PIRIPASA NEIGHBORHOOD,0.06472974171,0.06623421457,0.0227144365,0,0.9772855635,Medium
40263,BEYOGLU,PIYALEPASA NEIGHBORHOOD,0.02193350938,0.02225030695,0.01423789647,0,0.9857621035,Minor
40295,BEYOGLU,PURTELAS HASAN EFENDI NEIGHBORHOOD,0.03805277109,0.02638346856,0.8540074577,0,0.8955785482,Medium
40289,BEYOGLU,SURURI MEHMET EFENDI NEIGHBORHOOD,0.08393630126,0.08838657839,0.05035014612,0,0.9496498539,Heavy
40306,BEYOGLU,SUTLUCE NEIGHBORHOOD,0.104340704,0.1079326807,0.03327978794,0,0.9667202121,Heavy
40284,BEYOGLU,SAHKULU NEIGHBORHOOD,0.009025298204,0.009353636715,0.03510276497,0,0.964897235,Minor
40273,BEYOGLU,SEHIT MUHTAR NEIGHBORHOOD,0.01272501396,0.008894948209,0.4305888766,0,0.5694111234,Minor
40287,BEYOGLU,TOMTOM NEIGHBORHOOD,0.01702253622,0.01712398415,0.00592431779,0,0.9940756822,Minor
40290,BEYOGLU,YAHYA KAHYA NEIGHBORHOOD,0.06063617103,0.1222120851,0.6418705276,1,0.9174260199,Medium
40265,BEYOGLU,YENISEHIR NEIGHBORHOOD,0.03182731731,0.02609527766,0.2196581209,0,0.7803418791,Medium
40850,BUYUKCEKMECE,19 MAYIS NEIGHBORHOOD,0.08964563667,0.09189993322,0.02452990414,0,0.9754700959,Heavy
40891,BUYUKCEKMECE,AHMEDIYE NEIGHBORHOOD,0.02958040424,0.02979018834,0.007042053531,0,0.9929579465,Minor
40844,BUYUKCEKMECE,ALKENT 2000 NEIGHBORHOOD,0.0192137303,0.01832053787,0.04875361374,0,0.9512463863,Minor
40845,BUYUKCEKMECE,ATATURK NEIGHBORHOOD,0.09054986725,0.1008306794,0.101961151,0,0.898038849,Heavy
40882,BUYUKCEKMECE,BAHCELIEVLER NEIGHBORHOOD,0.1037588735,0.02375664984,2.511489143,1,0.7158730542,Heavy
40928,BUYUKCEKMECE,CELALIYE NEIGHBORHOOD,0.01651013418,0.01575749317,0.04776400656,0,0.9522359934,Minor
40846,BUYUKCEKMECE,CUMHURIYET NEIGHBORHOOD,0.05267536688,0.05961282482,0.1163752592,0,0.8836247408,Medium
99334,BUYUKCEKMECE,CAKMAKLI NEIGHBORHOOD,0.06958591796,0.0711921232,0.02256155833,0,0.9774384417,Medium
40847,BUYUKCEKMECE,DIZDARIYE NEIGHBORHOOD,0.1442797164,0.1508707146,0.04368639929,0,0.9563136007,Heavy
40886,BUYUKCEKMECE,EKINOBA NEIGHBORHOOD,0.114501892,0.1108268714,0.03316001382,0,0.9668399862,Heavy
40848,BUYUKCEKMECE,FATIH NEIGHBORHOOD,0.1067622055,0.1070348636,0.002547376478,0,0.9974526235,Heavy
40883,BUYUKCEKMECE,GUZELCE NEIGHBORHOOD,0.03379704454,0.03438754552,0.01717194328,0,0.9828280567,Medium
40889,BUYUKCEKMECE,HURRIYET NEIGHBORHOOD,0.06601630694,0.06605993843,0.0006604834278,0,0.9993395166,Medium
40929,BUYUKCEKMECE,KAMILOBA NEIGHBORHOOD,0.05653252295,0.01205528491,2.469562968,1,0.8584788421,Medium
40849,BUYUKCEKMECE,KARAAGAC NEIGHBORHOOD,0.008807003794,0.01004972048,0.1236568411,0,0.8763431589,Minor
40884,BUYUKCEKMECE,KUMBURGAZ NEIGHBORHOOD,0.03952598146,0.0297040622,0.3306591264,0,0.6693408736,Medium
40887,BUYUKCEKMECE,MIMAR SINAN MERKEZ NEIGHBORHOOD,0.08484285796,0.08207659553,0.03370342552,0,0.9662965745,Heavy
140376,BUYUKCEKMECE,MIMAROBA NEIGHBORHOOD,0.1387069698,0.1220026578,0.1369176077,0,0.8630823923,Heavy
40888,BUYUKCEKMECE,MURAT CESME NEIGHBORHOOD,0.1002581209,0.06971998351,0.5197012053,0,0.9061135947,Heavy
40868,BUYUKCEKMECE,PINARTEPE NEIGHBORHOOD,0.07719874423,0.08378771667,0.07863888286,0,0.9213611171,Medium
140374,BUYUKCEKMECE,SINANOBA NEIGHBORHOOD,0.09140838566,0.09133239651,0.0008320065704,0,0.9991679934,Heavy
40892,BUYUKCEKMECE,TURKOBA NEIGHBORHOOD,0.0241934031,0.02332378155,0.03728475783,0,0.9627152422,Minor
40890,BUYUKCEKMECE,ULUS NEIGHBORHOOD,0.07889027085,0.07952611009,0.007995351925,0,0.9920046481,Medium
40885,BUYUKCEKMECE,YENIMAHALLE NEIGHBORHOOD,0.03393393747,0.02580212691,0.3151604747,0,0.6848395253,Medium
191781,CATALCA,AKALAN NEIGHBORHOOD,0.003349131649,0.004436577016,0.2451090928,0,0.7548909072,Minor
40903,CATALCA,ATATURK NEIGHBORHOOD,0.0004486547785,0.0008586898988,0.4775124533,0,0.5224875467,Minor
191783,CATALCA,AYDINLAR NEIGHBORHOOD,0.002567492989,0.0006612614727,2.497289864,1,0.9909801066,Minor
40902,CATALCA,BAHSAYIS NEIGHBORHOOD,0.006203516262,0.005923772133,0.04722398547,0,0.9527760145,Minor
191821,CATALCA,BASAK NEIGHBORHOOD,0.005438151422,0.001239088884,1.372741012,1,0.9882717562,Minor
191823,CATALCA,BELGRAT NEIGHBORHOOD,0.001247450167,0.001102208634,0.1317731768,0,0.8682268232,Minor
191825,CATALCA,CELEPKOY NEIGHBORHOOD,0.00162258848,0.0008523062884,4.694272781,0,0.9982842124,Minor
40899,CATALCA,CAKIL NEIGHBORHOOD,0.01126608095,0.01217360627,0.07454860139,0,0.9254513986,Minor
191785,CATALCA,CANAKCA NEIGHBORHOOD,0.003200260791,0.003189256198,0.00345052016,0,0.9965494798,Minor
40917,CATALCA,CIFTLIKKOY NEIGHBORHOOD,0.001829527452,0.001189380529,0.6122559634,0,0.99624783,Minor
191787,CATALCA,DAGYENICE NEIGHBORHOOD,0.003797134683,0.003673316594,0.03370743727,0,0.9662925627,Minor
191789,CATALCA,ELBASAN NEIGHBORHOOD,0.009480254852,0.008877343096,0.06791578855,0,0.9320842114,Minor
40904,CATALCA,FATIH NEIGHBORHOOD,0.002857524594,0.0002335940577,6.361054408,1,0.9904459741,Minor
40897,CATALCA,FERHATPASA NEIGHBORHOOD,0.01566710267,0.01442984525,0.08574294407,0,0.9142570559,Minor
191791,CATALCA,GOKCEALI NEIGHBORHOOD,0.004714515973,0.004667213502,0.01013505614,0,0.9898649439,Minor
191793,CATALCA,GUMUSPINAR NEIGHBORHOOD,0.001534921599,0.001186983185,0.2931283434,0,0.7068716566,Minor
191795,CATALCA,HALLACLI NEIGHBORHOOD,0.005046431875,0.004561830074,0.1062296912,0,0.8937703088,Minor
191827,CATALCA,HISARBEYLI NEIGHBORHOOD,0.00108639396,0.0007588470659,3.549103895,0,0.9993016922,Minor
191797,CATALCA,IHSANIYE NEIGHBORHOOD,0.00487738842,0.00480316944,0.01545208461,0,0.9845479154,Minor
191799,CATALCA,INCEGIZ NEIGHBORHOOD,0.005437105686,0.005291658333,0.02748615722,0,0.9725138428,Minor
40900,CATALCA,IZZETTIN NEIGHBORHOOD,0.00502577166,0.004600778035,0.6666406446,0,0.9903030852,Minor
191801,CATALCA,KABAKCA NEIGHBORHOOD,0.005546551231,0.005918367188,0.06282407715,0,0.9371759228,Minor
40898,CATALCA,KALEICI NEIGHBORHOOD,0.01217769753,0.01220286418,0.002062356591,0,0.9979376434,Minor
191803,CATALCA,KALFA NEIGHBORHOOD,0.002082730215,0.001723067212,0.2087341688,0,0.7912658312,Minor
40916,CATALCA,KARACAKOY MERKEZ NEIGHBORHOOD,0.002097010498,0.00158693357,0.3214229863,0,0.6785770137,Minor
191829,CATALCA,KARAMANDERE NEIGHBORHOOD,0.001442733641,0.001209139905,5.298311489,0,0.9976214156,Minor
191805,CATALCA,KESTANELIK NEIGHBORHOOD,0.004669341811,0.004168105906,0.5589326056,0,0.9910618183,Minor
191807,CATALCA,KIZILCAALI NEIGHBORHOOD,0.0043607264,0.002849684258,0.5141555579,0,0.9770914094,Minor
40905,CATALCA,MURATBEY MERKEZ NEIGHBORHOOD,0.01176953484,0.009045944561,0.301084122,0,0.698915878,Minor
40909,CATALCA,NAKKAS NEIGHBORHOOD,0.006058098697,0.00565087257,0.07206429129,0,0.9279357087,Minor
191809,CATALCA,OKLALI NEIGHBORHOOD,0.005636906139,0.004078066353,0.382249736,0,0.617750264,Minor
191831,CATALCA,ORMANLI NEIGHBORHOOD,0.00186717676,0.001642636075,1.123307736,0,0.9977279029,Minor
40901,CATALCA,OVAYENICE NEIGHBORHOOD,0.0156682364,0.01499190104,0.04511338174,0,0.9548866183,Minor
191811,CATALCA,ORCUNLU NEIGHBORHOOD,0.003225863697,0.003046596148,0.5072774644,0,0.9967141586,Minor
191813,CATALCA,ORENCIK NEIGHBORHOOD,0.001642411747,0.001175280385,1.130770658,0,0.9977100212,Minor
191815,CATALCA,SUBASI NEIGHBORHOOD,0.005932976499,0.004440291409,0.3361682721,0,0.6638317279,Minor
191833,CATALCA,YALIKOY NEIGHBORHOOD,0.001472331229,0.0005553364224,4.191505542,1,0.9964809814,Minor
191817,CATALCA,YAYLACIK NEIGHBORHOOD,0.01285770249,0,inf,1,0.9370430327,Minor
191819,CATALCA,YAZLIK NEIGHBORHOOD,0.00188909941,0.001549279088,1.99547858,0,0.9988001682,Minor
40749,CEKMEKOY,ALEMDAG NEIGHBORHOOD,0.005058948939,0.004809087917,0.05195601042,0,0.9480439896,Minor
40766,CEKMEKOY,AYDINLAR NEIGHBORHOOD,0.01016911489,0.005188047654,1.836681,1,0.9681954305,Minor
40769,CEKMEKOY,CUMHURIYET NEIGHBORHOOD,0.004965918668,0.005945962109,0.1648250397,0,0.8351749603,Minor
40753,CEKMEKOY,CAMLIK NEIGHBORHOOD,0.004405806137,0.003384770532,0.3016557831,0,0.6983442169,Minor
40750,CEKMEKOY,CATALMESE NEIGHBORHOOD,0.005168979261,0.004778930846,0.08161834253,0,0.9183816575,Minor
40751,CEKMEKOY,EKSIOGLU NEIGHBORHOOD,0.005064131629,0.004892772536,0.03502290187,0,0.9649770981,Minor
40768,CEKMEKOY,GUNGOREN NEIGHBORHOOD,0.002717837973,0.00434310068,0.3742171381,0,0.6257828619,Minor
40754,CEKMEKOY,HAMIDIYE NEIGHBORHOOD,0.002889761626,0.004601028379,0.3719313622,0,0.6280686378,Minor
191993,CEKMEKOY,HUSEYINLI NEIGHBORHOOD,0.004656634799,0.003591056274,1.365838093,0,0.9874499538,Minor
40770,CEKMEKOY,KIRAZLIDERE NEIGHBORHOOD,0.01502231457,0.004729296966,2.160358018,1,0.9198479174,Minor
191995,CEKMEKOY,KOCULLU NEIGHBORHOOD,0.006654928875,0.006196822281,0.07392605009,0,0.9260739499,Minor
40755,CEKMEKOY,MEHMET AKIF NEIGHBORHOOD,0.002778587319,0.005486864177,0.4935928375,0,0.5064071625,Minor
40756,CEKMEKOY,MERKEZ NEIGHBORHOOD,0.004031472908,0.004343350606,0.07180578453,0,0.9281942155,Minor
40757,CEKMEKOY,MIMAR SINAN NEIGHBORHOOD,0.004320768559,0.005021338561,0.1395185753,0,0.8604814247,Minor
40752,CEKMEKOY,NISANTEPE NEIGHBORHOOD,0.004445664015,0.003212878709,1.244873908,0,0.9854683703,Minor
40758,CEKMEKOY,OMERLI NEIGHBORHOOD,0.007710257947,0.00623395115,0.2368171905,0,0.7631828095,Minor
191997,CEKMEKOY,RESADIYE NEIGHBORHOOD,0.003136801664,0.003347636652,0.06298024868,0,0.9370197513,Minor
191999,CEKMEKOY,SIRAPINAR NEIGHBORHOOD,0.003123648821,0.0043546525,0.8885523629,0,0.9959099383,Minor
40767,CEKMEKOY,SOGUKPINAR NEIGHBORHOOD,0.008688478175,0.003695405827,0.5040687557,1,0.9681164073,Minor
40764,CEKMEKOY,SULTANCIFTLIGI NEIGHBORHOOD,0.0130192213,0.004975808456,1.232033819,1,0.9537381431,Minor
40765,CEKMEKOY,TASDELEN NEIGHBORHOOD,0.007957983591,0.005166418853,1.293408369,0,0.9768399267,Minor
40348,ESENLER,BIRLIK NEIGHBORHOOD,0.05844982496,0.05709631173,0.02370579094,0,0.9762942091,Medium
40340,ESENLER,CIFTE HAVUZLAR NEIGHBORHOOD,0.1824957389,0.1686514673,0.08208805879,0,0.9179119412,Very Heavy
40342,ESENLER,DAVUTPASA NEIGHBORHOOD,0.1401229679,0.1444067995,0.02966502681,0,0.9703349732,Heavy
40350,ESENLER,FATIH NEIGHBORHOOD,0.1298065715,0.1323676773,0.01934842303,0,0.980651577,Heavy
40345,ESENLER,FEVZI CAKMAK NEIGHBORHOOD,0.1428841752,0.1735268883,0.1765876946,0,0.8234123054,Heavy
40354,ESENLER,ATISALANI NEIGHBORHOOD,0.04854755757,0.04786597859,0.01423931979,0,0.9857606802,Medium
40346,ESENLER,KAZIM KARABEKIR NEIGHBORHOOD,0.1294602784,0.1290881689,0.002882599751,0,0.9971174002,Heavy
40352,ESENLER,KEMER NEIGHBORHOOD,0.1220377539,0.1216591267,0.00311219771,0,0.9968878023,Heavy
40347,ESENLER,MENDERES NEIGHBORHOOD,0.1881206666,0.1892921761,0.006188895284,0,0.9938111047,Very Heavy
40341,ESENLER,MIMAR SINAN NEIGHBORHOOD,0.09522872428,0.1862510866,0.2382644154,1,0.8065898618,Heavy
40344,ESENLER,NAMIK KEMAL NEIGHBORHOOD,0.1487374867,0.1479037409,0.005637083623,0,0.9943629164,Heavy
40343,ESENLER,NINE HATUN NEIGHBORHOOD,0.2058103729,0.2104932688,0.02224724786,0,0.9777527521,Very Heavy
40355,ESENLER,ORUCREIS NEIGHBORHOOD,0.02219303216,0.02074111468,0.07000190237,0,0.9299980976,Minor
40351,ESENLER,TUNA NEIGHBORHOOD,0.08218123165,0.09061485878,0.09307112804,0,0.906928872,Heavy
40353,ESENLER,TURGUT REIS NEIGHBORHOOD,0.02350203953,0.02155460926,0.09034866954,0,0.9096513305,Minor
40349,ESENLER,YAVUZ SELIM NEIGHBORHOOD,0.1079811496,0.1422873556,0.3206912311,1,0.8372801844,Heavy
40880,ESENYURT,AKCABURGAZ NEIGHBORHOOD,0.03408411392,0.03313933066,0.02850942477,0,0.9714905752,Medium
181498,ESENYURT,AKEVLER NEIGHBORHOOD,0.2142080377,0.1837748997,0.1656000792,0,0.8343999208,Very Heavy
181504,ESENYURT,AKSEMSEDDIN NEIGHBORHOOD,0.1133016807,0.1042465689,0.08686244469,0,0.9131375553,Heavy
40861,ESENYURT,ARDICLI NEIGHBORHOOD,0.06061946356,0.06085564924,0.003881080628,0,0.9961189194,Medium
181518,ESENYURT,ASIK VEYSEL NEIGHBORHOOD,0.1167511053,0.1147969546,0.0170226704,0,0.9829773296,Heavy
40881,ESENYURT,ATATURK NEIGHBORHOOD,0.06165381144,0.06182149572,0.002712394311,0,0.9972876057,Medium
40855,ESENYURT,MERKEZ NEIGHBORHOOD,0.1100590635,0.109489089,0.005205765012,0,0.994794235,Heavy
181510,ESENYURT,BALIKYOLU NEIGHBORHOOD,0.0929292487,0.09171053432,0.01328870661,0,0.9867112934,Heavy
181488,ESENYURT,BARBAROS HAYRETTIN PASA NEIGHBORHOOD,0.27178726,0.2535898313,0.07175929954,0,0.9282407005,Very Heavy
181526,ESENYURT,BATTALGAZI NEIGHBORHOOD,0.05569327727,0.08150607083,0.3166978029,0,0.6833021971,Medium
40865,ESENYURT,CUMHURIYET NEIGHBORHOOD,0.3585001621,0.4214639642,0.1493930855,0,0.8506069145,Very Heavy
181514,ESENYURT,CINAR NEIGHBORHOOD,0.09234652835,0.09449616728,0.02274842457,0,0.9772515754,Heavy
40862,ESENYURT,ESENKENT NEIGHBORHOOD,0.04852171363,0.05769022715,0.1589266323,0,0.8410733677,Medium
40851,ESENYURT,FATIH NEIGHBORHOOD,0.1324219723,0.134976714,0.01892727774,0,0.9810727223,Heavy
181490,ESENYURT,GOKEVLER NEIGHBORHOOD,0.2593335825,0.3415503137,0.24071631,1,0.75928369,Very Heavy
40895,ESENYURT,GUZELYURT NEIGHBORHOOD,0.1521531557,0.1279199679,0.189440227,0,0.810559773,Heavy
181482,ESENYURT,HURRIYET NEIGHBORHOOD,0.1062593211,0.1076203136,0.01264624082,0,0.9873537592,Heavy
40852,ESENYURT,INCIRTEPE NEIGHBORHOOD,0.1247548144,0.1246533134,0.0008142667502,0,0.9991857332,Heavy
40853,ESENYURT,INONU NEIGHBORHOOD,0.1158960607,0.1154193216,0.004130496406,0,0.9958695036,Heavy
40879,ESENYURT,ISTIKLAL NEIGHBORHOOD,0.06553289126,0.06471122751,0.01269739089,0,0.9873026091,Medium
181522,ESENYURT,KOZA NEIGHBORHOOD,0.06336680407,0.05894848452,0.7248819522,0,0.8884331395,Medium
181494,ESENYURT,MEHMET AKIF ERSOY NEIGHBORHOOD,0.134445102,0.1496047276,0.1013311934,0,0.8986688066,Heavy
40854,ESENYURT,MEHTERCESME NEIGHBORHOOD,0.1383770446,0.1384210732,0.0003180776467,0,0.9996819224,Heavy
181492,ESENYURT,MEVLANA NEIGHBORHOOD,0.3632453792,0.3730077968,0.02617215447,0,0.9738278455,Very Heavy
40856,ESENYURT,NAMIK KEMAL NEIGHBORHOOD,0.1387028695,0.1366909949,0.01471841324,0,0.9852815868,Heavy
181484,ESENYURT,NECIP FAZIL KISAKUREK NEIGHBORHOOD,0.1019482597,0.1036035531,0.01597718747,0,0.9840228125,Heavy
40863,ESENYURT,ORHAN GAZI NEIGHBORHOOD,0.05771904056,0.05012405785,0.1515237,0,0.8484763,Medium
181480,ESENYURT,OSMANGAZI NEIGHBORHOOD,0.05415406374,0.05340956203,0.01393948365,0,0.9860605163,Medium
40857,ESENYURT,ORNEK NEIGHBORHOOD,0.07908844275,0.07665316629,0.03177006995,0,0.96822993,Medium
40864,ESENYURT,PINAR NEIGHBORHOOD,0.1123031915,0.1142379789,0.01693646411,0,0.9830635359,Heavy
181486,ESENYURT,PIRI REIS NEIGHBORHOOD,0.2367818183,0.2419430557,0.02133244678,0,0.9786675532,Very Heavy
40858,ESENYURT,SAADETDERE NEIGHBORHOOD,0.1424452912,0.1406774087,0.01256692504,0,0.987433075,Heavy
181516,ESENYURT,SELAHADDIN EYYUBI NEIGHBORHOOD,0.06879303484,0.06922088361,0.006180920403,0,0.9938190796,Medium
181508,ESENYURT,SULTANIYE NEIGHBORHOOD,0.152585236,0.1295816963,0.1775215202,0,0.8224784798,Heavy
181512,ESENYURT,SULEYMANIYE NEIGHBORHOOD,0.1029884628,0.1025149255,0.004619203113,0,0.9953807969,Heavy
181524,ESENYURT,SEHITLER NEIGHBORHOOD,0.08064770855,0.08198398593,0.01629924878,0,0.9837007512,Heavy
40859,ESENYURT,TALATPASA NEIGHBORHOOD,0.1168896319,0.1148194834,0.01802959269,0,0.9819704073,Heavy
181502,ESENYURT,TURGUT OZAL NEIGHBORHOOD,0.1634606258,0.1751435219,0.06670470017,0,0.9332952998,Heavy
181496,ESENYURT,UCEVLER NEIGHBORHOOD,0.1259218685,0.1224100672,0.02868882744,0,0.9713111726,Heavy
40860,ESENYURT,YENIKENT NEIGHBORHOOD,0.09982014566,0.09876864941,0.01064605266,0,0.9893539473,Heavy
40866,ESENYURT,YESILKENT NEIGHBORHOOD,0.1435781885,0.1701170315,0.1560034453,0,0.8439965547,Heavy
181506,ESENYURT,YUNUS EMRE NEIGHBORHOOD,0.1122518021,0.1139174557,0.01462158346,0,0.9853784165,Heavy
181500,ESENYURT,ZAFER NEIGHBORHOOD,0.1776846045,0.1678110184,0.05883753141,0,0.9411624686,Heavy
191741,EYUPSULTAN,AGACLI NEIGHBORHOOD,0.00483444205,0.00532338928,0.09184885868,0,0.9081511413,Minor
191743,EYUPSULTAN,AKPINAR NEIGHBORHOOD,0.00960251261,0.01070712186,0.1031658423,0,0.8968341577,Minor
40358,EYUPSULTAN,AKSEMSETTIN NEIGHBORHOOD,0.01159309018,0.01155310372,0.003461100707,0,0.9965388993,Minor
40359,EYUPSULTAN,ALIBEYKOY NEIGHBORHOOD,0.03357842639,0.03438209898,0.02337473901,0,0.976625261,Medium
40360,EYUPSULTAN,CIRCIR NEIGHBORHOOD,0.01131509714,0.0103390389,0.09440512373,0,0.9055948763,Minor
191745,EYUPSULTAN,CIFTALAN NEIGHBORHOOD,0.00826124624,0.0102177885,0.5057729817,0,0.9927538501,Minor
40361,EYUPSULTAN,DEFTERDAR NEIGHBORHOOD,0.06427591634,0.08134075723,0.209794468,0,0.790205532,Medium
40362,EYUPSULTAN,DUGMECILER NEIGHBORHOOD,0.05917419084,0.05906340009,0.001875793537,0,0.9981242065,Medium
40363,EYUPSULTAN,EMNIYETTEPE NEIGHBORHOOD,0.03131443541,0.02996262084,0.04511670008,0,0.9548832999,Medium
40364,EYUPSULTAN,ESENTEPE NEIGHBORHOOD,0.02253839357,0.02353960352,0.04253299964,0,0.9574670004,Minor
40379,EYUPSULTAN,GOKTURK MERKEZ NEIGHBORHOOD,0.01813966367,0.01851275312,0.02015310468,0,0.9798468953,Minor
40366,EYUPSULTAN,GUZELTEPE NEIGHBORHOOD,0.02256156784,0.02284610394,0.01245446902,0,0.987545531,Minor
191747,EYUPSULTAN,ISIKLAR NEIGHBORHOOD,0.006274842585,0.0068400774,0.08263573384,0,0.9173642662,Minor
191749,EYUPSULTAN,IHSANIYE NEIGHBORHOOD,0.006112909616,0.006762737391,0.09608945876,0,0.9039105412,Minor
40367,EYUPSULTAN,ISLAMBEY NEIGHBORHOOD,0.04743028308,0.04389072666,0.08064474424,0,0.9193552558,Medium
40368,EYUPSULTAN,KARADOLAP NEIGHBORHOOD,0.016236526,0.01704590451,0.0474822855,0,0.9525177145,Minor
40365,EYUPSULTAN,MERKEZ NEIGHBORHOOD,0.06604472979,0.06831941047,0.03329479363,0,0.9667052064,Medium
40369,EYUPSULTAN,MIMAR SINAN NEIGHBORHOOD,0.01489301107,0.01554006987,0.04163808798,0,0.958361912,Minor
40370,EYUPSULTAN,MITHATPASA NEIGHBORHOOD,0.006805566214,0.0169007175,0.6877497474,1,0.9742815706,Minor
40371,EYUPSULTAN,NISANCI NEIGHBORHOOD,0.05519177049,0.05524647171,0.0009901306833,0,0.9990098693,Medium
191751,EYUPSULTAN,ODAYERI NEIGHBORHOOD,0.005962399739,0.004968303788,0.639210096,0,0.9950737034,Minor
191753,EYUPSULTAN,PIRINCCI NEIGHBORHOOD,0.007596783497,0.007484401274,0.01501552609,0,0.9849844739,Minor
40372,EYUPSULTAN,RAMI CUMA NEIGHBORHOOD,0.06411434666,0.06562637644,0.02303997052,0,0.9769600295,Medium
40373,EYUPSULTAN,RAMI YENI NEIGHBORHOOD,0.05626546891,0.0552018891,0.01926709081,0,0.9807329092,Medium
40374,EYUPSULTAN,SAKARYA NEIGHBORHOOD,0.02309324893,0.01885131821,0.2250203763,0,0.7749796237,Minor
40375,EYUPSULTAN,SILAHTARAGA NEIGHBORHOOD,0.02078638836,0.01881255536,0.1049210466,0,0.8950789534,Minor
40376,EYUPSULTAN,TOPCULAR NEIGHBORHOOD,0.0476690297,0.04796497166,0.006169960082,0,0.9938300399,Medium
40378,EYUPSULTAN,YESILPINAR NEIGHBORHOOD,0.02293469559,0.01886607007,0.2156583488,0,0.7843416512,Minor
99127,FATIH,AKSARAY NEIGHBORHOOD,0.1237376861,0.1254116046,0.01334739745,0,0.9866526026,Heavy
99137,FATIH,AKSEMSETTIN NEIGHBORHOOD,0.1590030251,0.1660947938,0.04269711594,0,0.9573028841,Heavy
40307,FATIH,ALEMDAR NEIGHBORHOOD,0.02858669969,0.02483838854,0.1509079843,0,0.8490920157,Minor
99141,FATIH,ALI KUSCU NEIGHBORHOOD,0.1722230491,0.1752158716,0.01708077258,0,0.9829192274,Heavy
99140,FATIH,ATIKALI NEIGHBORHOOD,0.1935319139,0.2060431587,0.06072147652,0,0.9392785235,Very Heavy
99146,FATIH,AYVANSARAY NEIGHBORHOOD,0.104688264,0.1047350095,0.0004463219257,0,0.9995536781,Heavy
40308,FATIH,BALABANAGA NEIGHBORHOOD,0.04583848402,0.03428544618,0.3369662388,0,0.6630337612,Medium
99145,FATIH,BALAT NEIGHBORHOOD,0.1193435349,0.1279235759,0.06707161681,0,0.9329283832,Heavy
40309,FATIH,BEYAZIT NEIGHBORHOOD,0.03538384578,0.03752012128,0.05693679645,0,0.9430632036,Medium
40310,FATIH,BINBIRDIREK NEIGHBORHOOD,0.05564862181,0.06635706406,0.1613760706,0,0.8386239294,Medium
40311,FATIH,CANKURTARAN NEIGHBORHOOD,0.05954193375,0.05903564133,0.008576046785,0,0.9914239532,Medium
99128,FATIH,CERRAHPASA NEIGHBORHOOD,0.2062309769,0.2040391881,0.0107419991,0,0.9892580009,Very Heavy
99143,FATIH,CIBALI NEIGHBORHOOD,0.1033301325,0.102632672,0.006795696231,0,0.9932043038,Heavy
40312,FATIH,DEMIRTAS NEIGHBORHOOD,0.0513222369,0.04963501984,0.03399247276,0,0.9660075272,Medium
40422,FATIH,DERVIS ALI NEIGHBORHOOD,0.1343169441,0.12947792,0.03737335413,0,0.9626266459,Heavy
40313,FATIH,EMIN SINAN NEIGHBORHOOD,0.07859558028,0.06419683519,0.2242905751,0,0.7757094249,Medium
40314,FATIH,HACI KADIN NEIGHBORHOOD,0.04719876886,0.0669067441,0.2945588746,0,0.7054411254,Medium
99129,FATIH,HASEKI SULTAN NEIGHBORHOOD,0.1813030413,0.1998537426,0.09282138553,0,0.9071786145,Very Heavy
99138,FATIH,HIRKA-I SERIF NEIGHBORHOOD,0.1770498938,0.2039972193,0.1320965334,0,0.8679034666,Heavy
40315,FATIH,HOBYAR NEIGHBORHOOD,0.02491089399,0.02698646326,0.07691149613,0,0.9230885039,Minor
40316,FATIH,HOCA GIYASETTIN NEIGHBORHOOD,0.06640918753,0.06880706311,0.03484926511,0,0.9651507349,Medium
40317,FATIH,HOCAPASA NEIGHBORHOOD,0.02784935602,0.02780657584,0.001538491421,0,0.9984615086,Minor
40397,FATIH,ISKENDERPASA NEIGHBORHOOD,0.1129480318,0.1167593181,0.03264224587,0,0.9673577541,Heavy
40319,FATIH,KALENDERHANE NEIGHBORHOOD,0.07050056562,0.06950339902,0.01434701918,0,0.9856529808,Medium
99139,FATIH,KARAGUMRUK NEIGHBORHOOD,0.08017071619,0.1844545999,0.5845268097,1,0.7748294422,Heavy
40320,FATIH,KATIP KASIM NEIGHBORHOOD,0.08348046112,0.08106386247,0.02981104742,0,0.9701889526,Heavy
40318,FATIH,KEMALPASA NEIGHBORHOOD,0.03468606859,0.03325025623,0.04318199373,0,0.9568180063,Medium
40390,FATIH,KOCA MUSTAFAPASA NEIGHBORHOOD,0.2726259826,0.2667456249,0.02204481429,0,0.9779551857,Very Heavy
40321,FATIH,KUCUK AYASOFYA NEIGHBORHOOD,0.064661334,0.0677761483,0.04595738138,0,0.9540426186,Medium
40322,FATIH,MERCAN NEIGHBORHOOD,0.05683262627,0.02767791824,0.5631315098,1,0.8782294199,Medium
40323,FATIH,MESIHPASA NEIGHBORHOOD,0.03742739622,0.0335890323,0.1142743228,0,0.8857256772,Medium
99134,FATIH,MEVLANAKAPI NEIGHBORHOOD,0.1179398858,0.2487660043,0.4310670422,1,0.8204681951,Heavy
40324,FATIH,MIMAR HAYRETTIN NEIGHBORHOOD,0.06591565906,0.06148024807,0.07214367424,0,0.9278563258,Medium
40325,FATIH,MIMAR KEMALETTIN NEIGHBORHOOD,0.04947704619,0.04534119478,0.0912161981,0,0.9087838019,Medium
40326,FATIH,MOLLA FENARI NEIGHBORHOOD,0.03402430817,0.03332119972,0.02110093464,0,0.9788990654,Medium
99136,FATIH,MOLLA GURANI NEIGHBORHOOD,0.1670843222,0.1653357812,0.01057569663,0,0.9894243034,Heavy
40327,FATIH,MOLLA HUSREV NEIGHBORHOOD,0.06520900449,0.06957783221,0.06279051215,0,0.9372094879,Medium
40328,FATIH,MUHSINE HATUN NEIGHBORHOOD,0.08279900669,0.08041939154,0.02959006652,0,0.9704099335,Heavy
40329,FATIH,NISANCA NEIGHBORHOOD,0.08751251109,0.08906734678,0.01745685427,0,0.9825431457,Heavy
40330,FATIH,RUSTEMPASA NEIGHBORHOOD,0.03241334756,0.02962062651,0.09428298366,0,0.9057170163,Medium
40331,FATIH,SARAC ISHAK NEIGHBORHOOD,0.06607040585,0.06715526432,0.01615448146,0,0.9838455185,Medium
40332,FATIH,SARIDEMIR NEIGHBORHOOD,0.05394963165,0.05462615503,0.01238460554,0,0.9876153945,Medium
40387,FATIH,SEYYID OMER NEIGHBORHOOD,0.2368324224,0.2337520494,0.0131779508,0,0.9868220492,Very Heavy
99132,FATIH,SILIVRIKAPI NEIGHBORHOOD,0.2477687426,0.2506568169,0.01152202581,0,0.9884779742,Very Heavy
40333,FATIH,SULTAN AHMET NEIGHBORHOOD,0.0684546023,0.07268429643,0.9975810681,0,0.8739967508,Medium
40334,FATIH,SURURI NEIGHBORHOOD,0.05903764696,0.02892569066,0.6220673941,1,0.8573613332,Medium
40335,FATIH,SULEYMANIYE NEIGHBORHOOD,0.04354494629,0.04112332619,0.05888677617,0,0.9411132238,Medium
99131,FATIH,SUMBUL EFENDI NEIGHBORHOOD,0.2656233533,0.2798148287,0.05071738168,0,0.9492826183,Very Heavy
99133,FATIH,SEHREMINI NEIGHBORHOOD,0.1937474016,0.1996544112,0.02958617086,0,0.9704138291,Very Heavy
40336,FATIH,SEHSUVAR BEY NEIGHBORHOOD,0.0683443882,0.07270517677,0.05997906563,0,0.9400209344,Medium
40337,FATIH,TAHTAKALE NEIGHBORHOOD,0.02790029503,0.02672566403,0.04395142418,0,0.9560485758,Minor
40338,FATIH,TAYA HATUN NEIGHBORHOOD,0.03079520228,0.03204716887,0.03906637082,0,0.9609336292,Medium
99135,FATIH,TOPKAPI NEIGHBORHOOD,0.08708244377,0.1943558279,0.5708807631,1,0.8337084077,Heavy
40339,FATIH,YAVUZ SINAN NEIGHBORHOOD,0.06195269728,0.06790350068,0.08763617996,0,0.91236382,Medium
99144,FATIH,YAVUZ SULTAN SELIM NEIGHBORHOOD,0.1196755037,0.1161828955,0.03006129432,0,0.9699387057,Heavy
99130,FATIH,YEDIKULE NEIGHBORHOOD,0.3245710455,0.3207793388,0.01182029614,0,0.9881797039,Very Heavy
99142,FATIH,ZEYREK NEIGHBORHOOD,0.1326110818,0.1266455676,0.04710401119,0,0.9528959888,Heavy
40454,GAZIOSMANPASA,BAGLARBASI NEIGHBORHOOD,0.01927693244,0.02810250073,0.3140492149,0,0.6859507851,Minor
40459,GAZIOSMANPASA,BARBAROS HAYRETTIN PASA NEIGHBORHOOD,0.02094199831,0.02079027554,0.007297775956,0,0.992702224,Minor
40457,GAZIOSMANPASA,FEVZI CAKMAK NEIGHBORHOOD,0.02944993874,0.0282617381,0.04204273061,0,0.9579572694,Minor
40458,GAZIOSMANPASA,HURRIYET NEIGHBORHOOD,0.02686581759,0.0374651372,0.2829115388,0,0.7170884612,Minor
40464,GAZIOSMANPASA,KARADENIZ NEIGHBORHOOD,0.02132558677,0.02161795576,0.01352435845,0,0.9864756415,Minor
40463,GAZIOSMANPASA,KARAYOLLARI NEIGHBORHOOD,0.01423435814,0.0139671603,0.01913043455,0,0.9808695654,Minor
40451,GAZIOSMANPASA,KARLITEPE NEIGHBORHOOD,0.02252907841,0.02161347243,0.04236274339,0,0.9576372566,Minor
40461,GAZIOSMANPASA,KAZIM KARABEKIR NEIGHBORHOOD,0.01447361019,0.01607784788,0.09977937959,0,0.9002206204,Minor
40455,GAZIOSMANPASA,MERKEZ NEIGHBORHOOD,0.03197516474,0.03230297205,0.01014789927,0,0.9898521007,Medium
40462,GAZIOSMANPASA,MEVLANA NEIGHBORHOOD,0.01609960232,0.009140977516,0.5889255929,1,0.9439313944,Minor
40450,GAZIOSMANPASA,PAZARICI NEIGHBORHOOD,0.02289146876,0.02409731439,0.05004066444,0,0.9499593356,Minor
40453,GAZIOSMANPASA,SARIGOL NEIGHBORHOOD,0.02986198525,0.03054788076,0.02245312905,0,0.977546871,Minor
40456,GAZIOSMANPASA,SEMSIPASA NEIGHBORHOOD,0.02215149281,0.02273302981,0.02558114827,0,0.9744188517,Minor
40460,GAZIOSMANPASA,YENI MAHALLE NEIGHBORHOOD,0.03137634969,0.03307741104,0.05142667738,0,0.9485733226,Medium
40452,GAZIOSMANPASA,YENIDOGAN NEIGHBORHOOD,0.03011407271,0.02464861599,0.5029163298,0,0.9237313781,Medium
40449,GAZIOSMANPASA,YILDIZTABYA NEIGHBORHOOD,0.03820216708,0.02592884168,1.862903419,0,0.8953901239,Medium
40504,GUNGOREN,ABDURRAHMAN NAFIZ GURMAN NEIGHBORHOOD,0.3045757123,0.4374018259,0.3036706886,1,0.6963293114,Very Heavy
40497,GUNGOREN,AKINCILAR NEIGHBORHOOD,0.2718933584,0.2753977847,0.01272496183,0,0.9872750382,Very Heavy
40498,GUNGOREN,GENCOSMAN NEIGHBORHOOD,0.1765266313,0.1933023199,0.08678472486,0,0.9132152751,Heavy
40499,GUNGOREN,GUNESTEPE NEIGHBORHOOD,0.2280650948,0.219771804,0.03773591783,0,0.9622640822,Very Heavy
40500,GUNGOREN,GUVEN NEIGHBORHOOD,0.3382326843,0.3382102959,6.62E-05,0,0.9999338034,Very Heavy
40501,GUNGOREN,HAZNEDAR NEIGHBORHOOD,0.3161198054,0.3090632189,0.02283217807,0,0.9771678219,Very Heavy
40502,GUNGOREN,MARESAL CAKMAK NEIGHBORHOOD,0.259645659,0.2606767907,0.003955594604,0,0.9960444054,Very Heavy
40506,GUNGOREN,MEHMET NESIH OZMEN NEIGHBORHOOD,0.1796825,0.1819732263,0.01258826013,0,0.9874117399,Heavy
40496,GUNGOREN,MERKEZ NEIGHBORHOOD,0.2277080936,0.2643367028,0.1385680037,0,0.8614319963,Very Heavy
40503,GUNGOREN,SANAYI NEIGHBORHOOD,0.1397377117,0.1403054834,0.004046682183,0,0.9959533178,Heavy
40505,GUNGOREN,TOZKOPARAN NEIGHBORHOOD,0.3176077164,0.3246135021,0.02158192942,0,0.9784180706,Very Heavy
40528,KADIKOY,19 MAYIS NEIGHBORHOOD,0.0269548584,0.02429538625,0.1094640815,0,0.8905359185,Minor
40509,KADIKOY,ACIBADEM NEIGHBORHOOD,0.04279059301,0.04074626089,0.6289477738,0,0.8806522733,Medium
40523,KADIKOY,BOSTANCI NEIGHBORHOOD,0.03023354295,0.03527893609,0.1430143222,0,0.8569856778,Medium
40521,KADIKOY,CADDEBOSTAN NEIGHBORHOOD,0.03518795679,0.02902673518,0.2122602342,0,0.7877397658,Medium
40512,KADIKOY,CAFERAGA NEIGHBORHOOD,0.03538227665,0.02943628605,0.201995272,0,0.798004728,Medium
40518,KADIKOY,DUMLUPINAR NEIGHBORHOOD,0.06541529378,0.0650832884,0.005101238587,0,0.9948987614,Medium
40516,KADIKOY,EGITIM NEIGHBORHOOD,0.05269712915,0.05402397974,0.02456040065,0,0.9754395994,Medium
40524,KADIKOY,ERENKOY NEIGHBORHOOD,0.02520945312,0.0317728043,0.2065713531,0,0.7934286469,Minor
40514,KADIKOY,FENERBAHCE NEIGHBORHOOD,0.04168669174,0.02031588118,0.5123201825,1,0.7801300536,Medium
40515,KADIKOY,FENERYOLU NEIGHBORHOOD,0.03173236948,0.03040724535,0.04357922318,0,0.9564207768,Medium
40517,KADIKOY,FIKIRTEPE NEIGHBORHOOD,0.05147712519,0.05237222547,0.01709112553,0,0.9829088745,Medium
40520,KADIKOY,GOZTEPE NEIGHBORHOOD,0.02334549892,0.0254569556,0.08294223056,0,0.9170577694,Minor
40510,KADIKOY,HASANPASA NEIGHBORHOOD,0.05665801939,0.0581164446,0.02509488021,0,0.9749051198,Medium
40508,KADIKOY,KOSUYOLU NEIGHBORHOOD,0.04319004394,0.01871673211,1.447795465,1,0.938201278,Medium
40529,KADIKOY,KOZYATAGI NEIGHBORHOOD,0.03573553968,0.02351684143,1.568591389,0,0.9000395526,Medium
40519,KADIKOY,MERDIVENKOY NEIGHBORHOOD,0.0946511235,0.04949799666,0.9613699466,1,0.4295185018,Heavy
40511,KADIKOY,OSMANAGA NEIGHBORHOOD,0.03422354773,0.03340162614,0.02460723276,0,0.9753927672,Medium
40507,KADIKOY,RASIMPASA NEIGHBORHOOD,0.0487733873,0.03741541444,0.3035639995,0,0.6964360005,Medium
40525,KADIKOY,SAHRAYICEDIT NEIGHBORHOOD,0.04319879282,0.03330106124,0.2972197047,0,0.7027802953,Medium
40522,KADIKOY,SUADIYE NEIGHBORHOOD,0.02985779891,0.02126672386,0.4039679597,0,0.5960320403,Minor
40513,KADIKOY,ZUHTUPASA NEIGHBORHOOD,0.06984891733,0.07240199492,0.03526253102,0,0.964737469,Medium
40535,KAGITHANE,CAGLAYAN NEIGHBORHOOD,0.01543941132,0.01520463073,0.01544138723,0,0.9845586128,Minor
40536,KAGITHANE,CELIKTEPE NEIGHBORHOOD,0.0120084176,0.01028223568,0.1678800188,0,0.8321199812,Minor
40537,KAGITHANE,EMNIYET EVLERI NEIGHBORHOOD,0.009976005849,0.01027520283,0.0291183528,0,0.9708816472,Minor
40538,KAGITHANE,GULTEPE NEIGHBORHOOD,0.009253719153,0.0101993198,0.09271212811,0,0.9072878719,Minor
40539,KAGITHANE,GURSEL NEIGHBORHOOD,0.02319087031,0.01790493343,0.2952223703,0,0.7047776297,Minor
40541,KAGITHANE,HAMIDIYE NEIGHBORHOOD,0.0228606258,0.01559336443,0.4660483247,0,0.5339516753,Minor
40540,KAGITHANE,HARMANTEPE NEIGHBORHOOD,0.009451383678,0.009118979746,0.03645187736,0,0.9635481226,Minor
40542,KAGITHANE,HURRIYET NEIGHBORHOOD,0.01249599007,0.01374995392,0.09119767658,0,0.9088023234,Minor
40544,KAGITHANE,MEHMET AKIF ERSOY NEIGHBORHOOD,0.04079592233,0.04139030456,0.01436042167,0,0.9856395783,Medium
40543,KAGITHANE,MERKEZ NEIGHBORHOOD,0.02591864992,0.0261145118,0.007500116485,0,0.9924998835,Minor
40545,KAGITHANE,NURTEPE NEIGHBORHOOD,0.0283168226,0.02829665012,0.0007128929674,0,0.999287107,Minor
40546,KAGITHANE,ORTABAYIR NEIGHBORHOOD,0.02814679529,0.01108901828,1.630931142,1,0.9320895857,Minor
40548,KAGITHANE,SEYRANTEPE NEIGHBORHOOD,0.008746498001,0.008779413752,0.003749196901,0,0.9962508031,Minor
40547,KAGITHANE,SULTAN SELIM NEIGHBORHOOD,0.008103560179,0.008999910993,0.09959551986,0,0.9004044801,Minor
40549,KAGITHANE,SIRINTEPE NEIGHBORHOOD,0.01032346536,0.01155504711,0.1065838797,0,0.8934161203,Minor
40550,KAGITHANE,TALATPASA NEIGHBORHOOD,0.02770157685,0.02464274497,0.1241270762,0,0.8758729238,Minor
40551,KAGITHANE,TELSIZLER NEIGHBORHOOD,0.01425760553,0.01148733167,0.2411590384,0,0.7588409616,Minor
40552,KAGITHANE,YAHYA KEMAL NEIGHBORHOOD,0.02703890242,0.02758730349,0.01987874849,0,0.9801212515,Minor
40553,KAGITHANE,YESILCE NEIGHBORHOOD,0.007830022539,0.007212873904,0.08556209952,0,0.9144379005,Minor
40554,KARTAL,ATALAR NEIGHBORHOOD,0.03484623825,0.03452612994,0.009271479708,0,0.9907285203,Medium
40555,KARTAL,CEVIZLI NEIGHBORHOOD,0.02800390436,0.02797214022,0.001135563136,0,0.9988644369,Minor
40556,KARTAL,CUMHURIYET NEIGHBORHOOD,0.02032527119,0.01231733053,0.5035004378,1,0.9599754286,Minor
40558,KARTAL,CAVUSOGLU NEIGHBORHOOD,0.02892152085,0.03007361081,0.03830900028,0,0.9616909997,Minor
40559,KARTAL,ESENTEPE NEIGHBORHOOD,0.01757126051,0.01747791077,0.005341012338,0,0.9946589877,Minor
40560,KARTAL,GUMUSPINAR NEIGHBORHOOD,0.02404952896,0.02539348686,0.05292529983,0,0.9470747002,Minor
40561,KARTAL,HURRIYET NEIGHBORHOOD,0.02340094882,0.02335705616,0.001879203538,0,0.9981207965,Minor
40562,KARTAL,KARLIKTEPE NEIGHBORHOOD,0.03118261923,0.03142311748,0.007653545018,0,0.992346455,Medium
40563,KARTAL,KORDONBOYU NEIGHBORHOOD,0.05911805164,0.06168144888,0.04155864183,0,0.9584413582,Medium
40564,KARTAL,ORHANTEPE NEIGHBORHOOD,0.04618449567,0.0447380987,0.03233031824,0,0.9676696818,Medium
40565,KARTAL,ORTA NEIGHBORHOOD,0.01552611055,0.01628376051,0.04652794791,0,0.9534720521,Minor
40566,KARTAL,PETROL IS NEIGHBORHOOD,0.03796190892,0.03768021574,0.00747589081,0,0.9925241092,Medium
40567,KARTAL,SOGANLIK YENI NEIGHBORHOOD,0.02216636043,0.02197818023,0.008562137345,0,0.9914378627,Minor
40568,KARTAL,TOPSELVI NEIGHBORHOOD,0.02834565964,0.03652602391,0.2239598891,0,0.7760401109,Minor
40569,KARTAL,UGUR MUMCU NEIGHBORHOOD,0.09247440124,0.08576962477,0.07817192261,0,0.9218280774,Heavy
40557,KARTAL,YAKACIK CARSI NEIGHBORHOOD,0.02471677126,0.02483714427,0.004846491574,0,0.9951535084,Minor
40570,KARTAL,YAKACIK YENI NEIGHBORHOOD,0.03769755631,0.03721494057,0.01296833301,0,0.987031667,Medium
40571,KARTAL,YALI NEIGHBORHOOD,0.05582239419,0.05559456857,0.004097983428,0,0.9959020166,Medium
40572,KARTAL,YUKARI NEIGHBORHOOD,0.01925970448,0.04507300255,0.5330431486,1,0.9597848331,Minor
40573,KARTAL,YUNUS NEIGHBORHOOD,0.03098491292,0.03371705435,0.08103143898,0,0.918968561,Medium
40582,KUCUKCEKMECE,ATAKENT NEIGHBORHOOD,0.09692474864,0.08271548618,0.1717847905,0,0.8282152095,Heavy
40591,KUCUKCEKMECE,ATATURK NEIGHBORHOOD,0.0881549381,0.06104703857,0.4440493783,0,0.5559506217,Heavy
40603,KUCUKCEKMECE,BESYOL NEIGHBORHOOD,0.1413881341,0.1025972575,0.2815075821,1,0.7685238567,Heavy
40607,KUCUKCEKMECE,CENNET NEIGHBORHOOD,0.3190672585,0.3848280451,0.1708835606,0,0.8291164394,Very Heavy
40601,KUCUKCEKMECE,CUMHURIYET NEIGHBORHOOD,0.2515002251,0.2471873753,0.01744769415,0,0.9825523059,Very Heavy
40606,KUCUKCEKMECE,FATIH NEIGHBORHOOD,0.3821257029,0.3280715447,0.1647633239,0,0.8352366761,Very Heavy
40596,KUCUKCEKMECE,FEVZI CAKMAK NEIGHBORHOOD,0.197243373,0.201845984,0.02280258902,0,0.977197411,Very Heavy
40589,KUCUKCEKMECE,GULTEPE NEIGHBORHOOD,0.1585133723,0.1764538989,0.1016725996,0,0.8983274004,Heavy
40590,KUCUKCEKMECE,HALKALI MERKEZ NEIGHBORHOOD,0.1061003597,0.1030878231,0.02922301073,0,0.9707769893,Heavy
40592,KUCUKCEKMECE,INONU NEIGHBORHOOD,0.1361592635,0.14683599,0.0727119181,0,0.9272880819,Heavy
40605,KUCUKCEKMECE,ISTASYON NEIGHBORHOOD,0.1324977602,0.09010034865,0.7024428141,0,0.8364408569,Heavy
40604,KUCUKCEKMECE,KANARYA NEIGHBORHOOD,0.1712780362,0.1649438394,0.03840214233,0,0.9615978577,Heavy
40588,KUCUKCEKMECE,KARTALTEPE NEIGHBORHOOD,0.1897461269,0.1904100588,0.003486853222,0,0.9965131468,Very Heavy
40594,KUCUKCEKMECE,KEMALPASA NEIGHBORHOOD,0.2114703973,0.2020436084,0.04665719909,0,0.9533428009,Very Heavy
40586,KUCUKCEKMECE,MEHMET AKIF NEIGHBORHOOD,0.07855429261,0.05048329291,0.6765423597,1,0.8960373988,Medium
40587,KUCUKCEKMECE,SOGUTLU CESME NEIGHBORHOOD,0.1484700922,0.1415731836,0.04871620747,0,0.9512837925,Heavy
40595,KUCUKCEKMECE,SULTAN MURAT NEIGHBORHOOD,0.1964711319,0.1982282968,0.00886434959,0,0.9911356504,Very Heavy
40593,KUCUKCEKMECE,TEVFIKBEY NEIGHBORHOOD,0.1971497042,0.1968883811,0.001327265001,0,0.998672735,Very Heavy
40599,KUCUKCEKMECE,YARIMBURGAZ NEIGHBORHOOD,0.07346926721,0.02686654277,1.242574102,1,0.8639916491,Medium
40600,KUCUKCEKMECE,YENI MAHALLE NEIGHBORHOOD,0.2130739449,0.2297822051,0.07271346451,0,0.9272865355,Very Heavy
40602,KUCUKCEKMECE,YESILOVA NEIGHBORHOOD,0.1614510961,0.1928135056,0.1626567054,0,0.8373432946,Heavy
40612,MALTEPE,ALTAYCESME NEIGHBORHOOD,0.03347384379,0.03733527318,0.1034257704,0,0.8965742296,Medium
40613,MALTEPE,ALTINTEPE NEIGHBORHOOD,0.05121577657,0.05623388788,0.08923642844,0,0.9107635716,Medium
40617,MALTEPE,AYDINEVLER NEIGHBORHOOD,0.01819734147,0.01821796457,0.00113201968,0,0.9988679803,Minor
40615,MALTEPE,BAGLARBASI NEIGHBORHOOD,0.06609194717,0.06611115211,0.0002904946612,0,0.9997095053,Medium
40625,MALTEPE,BASIBUYUK NEIGHBORHOOD,0.02637654726,0.02815862141,0.06328698164,0,0.9367130184,Minor
40624,MALTEPE,BUYUKBAKKALKOY NEIGHBORHOOD,0.0136094144,0.009589740731,0.4191639572,0,0.5808360428,Minor
40614,MALTEPE,CEVIZLI NEIGHBORHOOD,0.06250349842,0.06367548606,0.01840563316,0,0.9815943668,Medium
40608,MALTEPE,CINAR NEIGHBORHOOD,0.04136906251,0.03603418398,0.1480504884,0,0.8519495116,Medium
40620,MALTEPE,ESENKENT NEIGHBORHOOD,0.04134552126,0.04641917894,0.1093008923,0,0.8906991077,Medium
40610,MALTEPE,FEYZULLAH NEIGHBORHOOD,0.08785365498,0.08946595649,0.01802139688,0,0.9819786031,Heavy
40619,MALTEPE,FINDIKLI NEIGHBORHOOD,0.01305301214,0.01441631758,0.09456682903,0,0.905433171,Minor
40618,MALTEPE,GIRNE NEIGHBORHOOD,0.01810596674,0.01850626126,0.02163022102,0,0.978369779,Minor
40622,MALTEPE,GULENSU NEIGHBORHOOD,0.0331587887,0.03260262928,0.01705872902,0,0.982941271,Medium
40621,MALTEPE,GULSUYU NEIGHBORHOOD,0.0330960354,0.03387286557,0.02293370087,0,0.9770662991,Medium
40609,MALTEPE,IDEALTEPE NEIGHBORHOOD,0.03137159735,0.03434864088,0.08667136315,0,0.9133286368,Medium
40611,MALTEPE,KUCUKYALI MERKEZ NEIGHBORHOOD,0.04025651855,0.03649784456,0.102983451,0,0.897016549,Medium
40616,MALTEPE,YALI NEIGHBORHOOD,0.0894612784,0.09331919104,0.04134104256,0,0.9586589574,Heavy
40623,MALTEPE,ZUMRUTEVLER NEIGHBORHOOD,0.03168493323,0.02942321788,0.07686838847,0,0.9231316115,Medium
40632,PENDIK,AHMET YESEVI NEIGHBORHOOD,0.03689610236,0.02353067053,1.018766567,1,0.9359751024,Medium
40628,PENDIK,BAHCELIEVLER NEIGHBORHOOD,0.03164951908,0.03142231074,0.00723079663,0,0.9927692034,Medium
191755,PENDIK,BALLICA NEIGHBORHOOD,0.009289656347,0.006645288737,0.3979311832,0,0.6020688168,Minor
40633,PENDIK,BATI NEIGHBORHOOD,0.04034170735,0.04305572928,0.06303509381,0,0.9369649062,Medium
40649,PENDIK,CAMCESME NEIGHBORHOOD,0.02462209273,0.02381421691,0.03392409787,0,0.9660759021,Minor
40656,PENDIK,CAMLIK NEIGHBORHOOD,0.009397227337,0.01404786849,0.3310567119,0,0.6689432881,Minor
40644,PENDIK,CINARDERE NEIGHBORHOOD,0.02477603119,0.03339729584,0.2581425961,0,0.7418574039,Minor
40627,PENDIK,DOGU NEIGHBORHOOD,0.05032233246,0.05055553938,0.004612885706,0,0.9953871143,Medium
40626,PENDIK,DUMLUPINAR NEIGHBORHOOD,0.03073441653,0.03083962155,0.003411359069,0,0.9965886409,Medium
191757,PENDIK,EMIRLI NEIGHBORHOOD,0.003893444621,0.003626476744,0.07361632136,0,0.9263836786,Minor
40635,PENDIK,ERTUGRUL GAZI NEIGHBORHOOD,0.0223402885,0.0238312125,0.06256181857,0,0.9374381814,Minor
40638,PENDIK,ESENLER NEIGHBORHOOD,0.01121965033,0.01239821865,0.09505948808,0,0.9049405119,Minor
40643,PENDIK,ESENYALI NEIGHBORHOOD,0.02839501382,0.03106902045,0.08606665412,0,0.9139333459,Minor
40647,PENDIK,FATIH NEIGHBORHOOD,0.02420403432,0.02457943125,0.01527280779,0,0.9847271922,Minor
40629,PENDIK,FEVZI CAKMAK NEIGHBORHOOD,0.01999739537,0.01996966772,0.001388488461,0,0.9986115115,Minor
191759,PENDIK,GOCBEYLI NEIGHBORHOOD,0.008403983446,0.005293536022,0.5449991096,0,0.9910852605,Minor
40640,PENDIK,GULLU BAGLAR NEIGHBORHOOD,0.01436695832,0.01394725137,0.03009244887,0,0.9699075511,Minor
40634,PENDIK,GUZELYALI NEIGHBORHOOD,0.02716911281,0.02630536956,0.03283524492,0,0.9671647551,Minor
40636,PENDIK,HARMANDERE NEIGHBORHOOD,0.03455102557,0.04630248244,0.2537975558,0,0.7462024442,Medium
40646,PENDIK,KAVAKPINAR NEIGHBORHOOD,0.02796080109,0.02499197736,0.1187910699,0,0.8812089301,Minor
40631,PENDIK,KAYNARCA NEIGHBORHOOD,0.02723928885,0.02912329325,0.06469063721,0,0.9353093628,Minor
191761,PENDIK,KURNA NEIGHBORHOOD,0.008608013878,0.007796528146,0.1040829607,0,0.8959170393,Minor
191763,PENDIK,KURTDOGMUS NEIGHBORHOOD,0.002033830638,0.001809851953,0.123755252,0,0.876244748,Minor
40654,PENDIK,KURTKOY NEIGHBORHOOD,0.0109266005,0.008654331988,0.2625585097,0,0.7374414903,Minor
40650,PENDIK,ORHANGAZI NEIGHBORHOOD,0.02663713195,0.02615275892,0.0185209152,0,0.9814790848,Minor
40645,PENDIK,ORTA NEIGHBORHOOD,0.04205350023,0.04236036135,0.007244062867,0,0.9927559371,Medium
40639,PENDIK,RAMAZANOGLU NEIGHBORHOOD,0.02033919249,0.0205607875,0.01077755466,0,0.9892224453,Minor
40651,PENDIK,SANAYI NEIGHBORHOOD,0.02948254849,0.02884537758,0.02208918578,0,0.9779108142,Minor
40637,PENDIK,SAPAN BAGLARI NEIGHBORHOOD,0.04290365239,0.0440183971,0.02532451858,0,0.9746754814,Medium
40655,PENDIK,SULUNTEPE NEIGHBORHOOD,0.01617715614,0.01598346533,0.01211819888,0,0.9878818011,Minor
40630,PENDIK,SEYHLI NEIGHBORHOOD,0.02652549215,0.02667927061,0.005763967916,0,0.9942360321,Minor
40642,PENDIK,VELIBABA NEIGHBORHOOD,0.01723081214,0.01746447009,0.01337904641,0,0.9866209536,Minor
40641,PENDIK,YAYALAR NEIGHBORHOOD,0.01560140882,0.01571628343,0.007309273285,0,0.9926907267,Minor
40652,PENDIK,YENI NEIGHBORHOOD,0.04086912642,0.05816312361,0.2973361147,0,0.7026638853,Medium
40653,PENDIK,YENISEHIR NEIGHBORHOOD,0.01103728367,0.01470466378,0.2494025134,0,0.7505974866,Minor
40648,PENDIK,YESILBAGLAR NEIGHBORHOOD,0.03931184463,0.03961367547,0.007619359691,0,0.9923806403,Medium
40579,SANCAKTEPE,ABDURRAHMANGAZI NEIGHBORHOOD,0.01056013292,0.01171538215,0.09860960743,0,0.9013903926,Minor
40575,SANCAKTEPE,AKPINAR NEIGHBORHOOD,0.03345856723,0.03479801559,0.03849209017,0,0.9615079098,Medium
98781,SANCAKTEPE,ATATURK NEIGHBORHOOD,0.01015744819,0.003895680877,1.085717088,1,0.9467048047,Minor
40759,SANCAKTEPE,EMEK NEIGHBORHOOD,0.01740252495,0.0165698526,0.05025224839,0,0.9497477516,Minor
40578,SANCAKTEPE,EYUP SULTAN NEIGHBORHOOD,0.01213617718,0.01227935268,0.0116598573,0,0.9883401427,Minor
40576,SANCAKTEPE,FATIH NEIGHBORHOOD,0.0202930932,0.02027289448,0.0009963412987,0,0.9990036587,Minor
40776,SANCAKTEPE,HILAL NEIGHBORHOOD,0.006381423398,0.005957282997,0.07119695361,0,0.9288030464,Minor
40760,SANCAKTEPE,INONU NEIGHBORHOOD,0.004509232395,0.004471015335,0.008547736314,0,0.9914522637,Minor
40761,SANCAKTEPE,KEMAL TURKLER NEIGHBORHOOD,0.006142590338,0.005627176356,0.09159371387,0,0.9084062861,Minor
40762,SANCAKTEPE,MECLIS NEIGHBORHOOD,0.008095209685,0.006814100012,0.1880086396,0,0.8119913604,Minor
40775,SANCAKTEPE,MERVE NEIGHBORHOOD,0.01054868896,0.006682863332,0.7785572158,1,0.9809123014,Minor
40773,SANCAKTEPE,MEVLANA NEIGHBORHOOD,0.009158311213,0.009470660903,0.0329807701,0,0.9670192299,Minor
40580,SANCAKTEPE,OSMANGAZI NEIGHBORHOOD,0.02453473066,0.0259606148,0.05492489896,0,0.945075101,Minor
192001,SANCAKTEPE,PASAKOY NEIGHBORHOOD,0.00390845256,0.006119774953,0.3613404758,0,0.6386595242,Minor
40771,SANCAKTEPE,SAFA NEIGHBORHOOD,0.01347733905,0.01171113848,0.1508137373,0,0.8491862627,Minor
40763,SANCAKTEPE,SARIGAZI NEIGHBORHOOD,0.01287640928,0.01669793968,0.2288623912,0,0.7711376088,Minor
40574,SANCAKTEPE,VEYSEL KARANI NEIGHBORHOOD,0.02737032463,0.02830010519,0.0328543144,0,0.9671456856,Minor
40774,SANCAKTEPE,YENIDOGAN NEIGHBORHOOD,0.004993344992,0.004302025981,0.1606961499,0,0.8393038501,Minor
40772,SANCAKTEPE,YUNUS EMRE NEIGHBORHOOD,0.0111709681,0.01064243496,0.04966280214,0,0.9503371979,Minor
40686,SARIYER,AYAZAGA NEIGHBORHOOD,0.009378594969,0.008970648829,0.04547565599,0,0.954524344,Minor
40684,SARIYER,BAHCEKOY KEMER NEIGHBORHOOD,0.002464979898,0.002702675755,0.08794834389,0,0.9120516561,Minor
40682,SARIYER,BAHCEKOY MERKEZ NEIGHBORHOOD,0.01097996525,0.003259906358,3.459228557,1,0.9689104794,Minor
40683,SARIYER,BAHCEKOY YENI NEIGHBORHOOD,0.003004324083,0.002596066045,0.1572602665,0,0.8427397335,Minor
40657,SARIYER,BALTALIMANI NEIGHBORHOOD,0.006546141004,0.006373986433,0.02700893287,0,0.9729910671,Minor
40658,SARIYER,BUYUKDERE NEIGHBORHOOD,0.01061483147,0.01052719016,0.008325233413,0,0.9916747666,Minor
40659,SARIYER,CUMHURIYET NEIGHBORHOOD,0.004372728167,0.004678468604,0.06535053717,0,0.9346494628,Minor
40660,SARIYER,CAMLITEPE NEIGHBORHOOD,0.004597046933,0.003172514604,0.4490230957,0,0.5509769043,Minor
40661,SARIYER,CAYIRBASI NEIGHBORHOOD,0.03072743193,0.03267564382,0.05962275476,0,0.9403772452,Medium
40662,SARIYER,DARUSSAFAKA NEIGHBORHOOD,0.0191787646,0.005994451218,1.299397715,1,0.9488101062,Minor
191765,SARIYER,DEMIRCIKOY NEIGHBORHOOD,0.003532955189,0.003338481452,0.05825215449,0,0.9417478455,Minor
40663,SARIYER,EMIRGAN NEIGHBORHOOD,0.002220777454,0.00286066348,0.2236844813,0,0.7763155187,Minor
40664,SARIYER,FATIH SULTAN MEHMET NEIGHBORHOOD,0.005387056196,0.005028037746,0.07140329253,0,0.9285967075,Minor
40665,SARIYER,FERAHEVLER NEIGHBORHOOD,0.006150145046,0.002261696773,0.5146646664,1,0.9594842618,Minor
191767,SARIYER,GARIPCE NEIGHBORHOOD,0.003624155962,0.003077788941,0.1775193269,0,0.8224806731,Minor
191769,SARIYER,GUMUSDERE NEIGHBORHOOD,0.003999405617,0.003827191431,0.04499753648,0,0.9550024635,Minor
40700,SARIYER,HUZUR NEIGHBORHOOD,0.01040148668,0.005432164453,0.6800587393,1,0.9652217897,Minor
40666,SARIYER,ISTINYE NEIGHBORHOOD,0.01489745268,0.02746112974,0.5410486687,0,0.9365365776,Minor
40667,SARIYER,KAZIM KARABEKIR PASA NEIGHBORHOOD,0.005201752287,0.004699509213,0.1068713883,0,0.8931286117,Minor
191771,SARIYER,KISIRKAYA NEIGHBORHOOD,0.004720973125,0.004218401569,1.568948444,0,0.9959363324,Minor
40668,SARIYER,KIRECBURNU NEIGHBORHOOD,0.004783036505,0.00207864841,0.5667263664,1,0.9833468259,Minor
40669,SARIYER,KOCATAS NEIGHBORHOOD,0.004455749894,0.00434900101,0.02454561028,0,0.9754543897,Minor
191773,SARIYER,KUMKOY (KILYOS) NEIGHBORHOOD,0.003211302075,0.003258957666,0.0146229549,0,0.9853770451,Minor
40670,SARIYER,MADEN NEIGHBORHOOD,0.006420611797,0.006265463285,0.02476249639,0,0.9752375036,Minor
40704,SARIYER,MASLAK NEIGHBORHOOD,0.014449046,0.01396982347,0.03430412239,0,0.9656958776,Minor
40672,SARIYER,PINAR NEIGHBORHOOD,0.005656530487,0.006071452614,0.06833984438,0,0.9316601556,Minor
40673,SARIYER,POLIGON NEIGHBORHOOD,0.01179886239,0.003519042628,2.555301119,1,0.9559177672,Minor
40674,SARIYER,PTT EVLERI NEIGHBORHOOD,0.02186240904,0.0220512464,0.008563568313,0,0.9914364317,Minor
40675,SARIYER,RESITPASA NEIGHBORHOOD,0.005389766044,0.005997255811,0.1012946231,0,0.8987053769,Minor
40676,SARIYER,RUMELIHISARI NEIGHBORHOOD,0.006717011789,0.006078577101,0.1050302855,0,0.8949697145,Minor
40677,SARIYER,RUMELIKAVAGI NEIGHBORHOOD,0.009305430297,0.007968126504,0.1678316467,0,0.8321683533,Minor
191775,SARIYER,RUMELIFENERI NEIGHBORHOOD,0.003039416937,0.003207166473,0.05230459282,0,0.9476954072,Minor
40671,SARIYER,SARIYER MERKEZ NEIGHBORHOOD,0.01712521713,0.02472069003,0.5627469899,0,0.9322740191,Minor
40678,SARIYER,TARABYA NEIGHBORHOOD,0.001417899982,0.001382521698,0.02558967689,0,0.9744103231,Minor
191777,SARIYER,USKUMRUKOY NEIGHBORHOOD,0.004848045688,0.003232244217,0.4999008006,0,0.5000991994,Minor
40679,SARIYER,YENI NEIGHBORHOOD,0.01565235799,0.01751429095,0.1063093542,0,0.8936906458,Minor
40680,SARIYER,YENIKOY NEIGHBORHOOD,0.003586532063,0.003282187158,0.09272624933,0,0.9072737507,Minor
191779,SARIYER,ZEKERIYAKOY NEIGHBORHOOD,0.0116279207,0.002199752255,0.7616791129,1,0.9124949715,Minor
191835,SILIVRI,AKOREN NEIGHBORHOOD,0.007362288427,0.006842796947,0.07591800307,0,0.9240819969,Minor
40920,SILIVRI,ALIBEY NEIGHBORHOOD,0.0400875032,0.04225058798,0.05119656033,0,0.9488034397,Medium
40927,SILIVRI,ALIPASA NEIGHBORHOOD,0.01363124349,0.01403191112,0.0285540313,0,0.9714459687,Minor
40930,SILIVRI,BALABAN NEIGHBORHOOD,0.004881552808,0.01682790384,0.738485076,1,0.9950274622,Minor
191845,SILIVRI,BEKIRLI NEIGHBORHOOD,0.01129194705,0.01094637778,0.03156928046,0,0.9684307195,Minor
191847,SILIVRI,BEYCILER NEIGHBORHOOD,0.004540594251,0.007336077678,0.514670017,0,0.9938368513,Minor
40941,SILIVRI,BUYUK CAVUSLU NEIGHBORHOOD,0.007600103436,0.007814183918,0.02739639672,0,0.9726036033,Minor
16775,SILIVRI,BUYUK KILICLI NEIGHBORHOOD,0.007509884339,0.00803537678,0.0653973617,0,0.9346026383,Minor
16771,SILIVRI,BUYUK SINEKLI NEIGHBORHOOD,0.009022650572,0.009215750754,0.02095327739,0,0.9790467226,Minor
40922,SILIVRI,CUMHURIYET NEIGHBORHOOD,0.01390965026,0.02764494448,0.4968465113,0,0.5031534887,Minor
191851,SILIVRI,CAYIRDERE NEIGHBORHOOD,0.01140476994,0.01023259143,0.1145534361,0,0.8854465639,Minor
191837,SILIVRI,CELTIK NEIGHBORHOOD,0.00973875204,0.01424405109,0.316293379,0,0.683706621,Minor
191853,SILIVRI,DANAMANDIRA NEIGHBORHOOD,0.005229889194,0.004893443656,0.06875435019,0,0.9312456498,Minor
40918,SILIVRI,FATIH NEIGHBORHOOD,0.04626233844,0.0479011325,0.03421201076,0,0.9657879892,Medium
16765,SILIVRI,FENER NEIGHBORHOOD,0.01290131066,0.01354158518,0.04728209462,0,0.9527179054,Minor
40933,SILIVRI,DEGIRMENKOY FEVZIPASA NEIGHBORHOOD,0.01625395997,0.01570394862,0.03502376187,0,0.9649762381,Minor
40925,SILIVRI,GAZITEPE NEIGHBORHOOD,0.01377920088,0.01482990359,0.07085027215,0,0.9291497279,Minor
40935,SILIVRI,GUMUSYAKA NEIGHBORHOOD,0.01687928304,0.01782110704,0.05284879271,0,0.9471512073,Minor
40937,SILIVRI,HURRIYET NEIGHBORHOOD,0.007322462912,0.009084515483,0.1939621959,0,0.8060378041,Minor
40934,SILIVRI,ISMETPASA NEIGHBORHOOD,0.005771949907,0.01529617741,0.7331503473,1,0.9928147959,Minor
40939,SILIVRI,KADIKOY NEIGHBORHOOD,0.01874901232,0.02006964035,0.06580227696,0,0.934197723,Minor
40936,SILIVRI,KAVAKLI NEIGHBORHOOD,0.007055970853,0.009886757603,0.2863210432,0,0.7136789568,Minor
191855,SILIVRI,KURFALLI NEIGHBORHOOD,0.008859051556,0.008534654644,0.03800937771,0,0.9619906223,Minor
40924,SILIVRI,KUCUK KILICLI NEIGHBORHOOD,0.01065894946,0.01196003529,0.1087861201,0,0.8912138799,Minor
16779,SILIVRI,KUCUK SINEKLI NEIGHBORHOOD,0.01034018381,0.01043001071,0.008612349839,0,0.9913876502,Minor
40923,SILIVRI,MIMAR SINAN NEIGHBORHOOD,0.02683383007,0.02704426069,0.007780971459,0,0.9922190285,Minor
40938,SILIVRI,ORTAKOY NEIGHBORHOOD,0.01782581233,0.01742446602,0.02303349296,0,0.976966507,Minor
40919,SILIVRI,PIRI MEHMET PASA NEIGHBORHOOD,0.02367215365,0.04628226945,0.7152154029,0,0.9259308083,Minor
40931,SILIVRI,SANCAKTEPE NEIGHBORHOOD,0.01779341558,0.0182755252,0.02638006928,0,0.9736199307,Minor
191859,SILIVRI,SAYALAR NEIGHBORHOOD,0.008104074183,0.007722129054,0.04946111705,0,0.9505388829,Minor
40940,SILIVRI,SELIMPASA NEIGHBORHOOD,0.01679456839,0.01857996163,0.09609240738,0,0.9039075926,Minor
40926,SILIVRI,SEMIZKUMLAR NEIGHBORHOOD,0.01722025169,0.01761334032,0.02231766528,0,0.9776823347,Minor
191841,SILIVRI,SEYMEN NEIGHBORHOOD,0.008877840282,0.009055395482,0.01960766925,0,0.9803923308,Minor
40921,SILIVRI,YENI NEIGHBORHOOD,0.02850432551,0.03675938222,0.2245700612,0,0.7754299388,Minor
40932,SILIVRI,YOLCATI NEIGHBORHOOD,0.009192385141,0.01311488344,0.2990875453,0,0.7009124547,Minor
40949,SULTANBEYLI,ABDURRAHMANGAZI NEIGHBORHOOD,0.02530582944,0.02540251865,0.003806284061,0,0.9961937159,Minor
40943,SULTANBEYLI,ADIL NEIGHBORHOOD,0.009801945796,0.008644252977,0.1339263003,0,0.8660736997,Minor
40942,SULTANBEYLI,AHMET YESEVI NEIGHBORHOOD,0.01668384766,0.01692433939,0.01420981445,0,0.9857901856,Minor
40956,SULTANBEYLI,AKSEMSETTIN NEIGHBORHOOD,0.01536319792,0.01497351591,0.02602475037,0,0.9739752496,Minor
40944,SULTANBEYLI,BATTALGAZI NEIGHBORHOOD,0.01545096342,0.01485517307,0.04010659138,0,0.9598934086,Minor
40951,SULTANBEYLI,FATIH NEIGHBORHOOD,0.01901192884,0.01895719963,0.002886988206,0,0.9971130118,Minor
40952,SULTANBEYLI,HAMIDIYE NEIGHBORHOOD,0.0189750809,0.0257515098,0.2631468582,0,0.7368531418,Minor
40948,SULTANBEYLI,HASANPASA NEIGHBORHOOD,0.02021062905,0.02002207101,0.009417508995,0,0.990582491,Minor
40945,SULTANBEYLI,MECIDIYE NEIGHBORHOOD,0.01563205066,0.01573585878,0.00659691477,0,0.9934030852,Minor
40950,SULTANBEYLI,MEHMET AKIF NEIGHBORHOOD,0.02360836576,0.02416169004,0.02290089293,0,0.9770991071,Minor
40946,SULTANBEYLI,MIMAR SINAN NEIGHBORHOOD,0.006729625393,0.007707528673,0.1268763726,0,0.8731236274,Minor
40954,SULTANBEYLI,NECIP FAZIL NEIGHBORHOOD,0.02184519105,0.02213026292,0.01288154004,0,0.98711846,Minor
40955,SULTANBEYLI,ORHANGAZI NEIGHBORHOOD,0.01750781257,0.0260688068,0.3283999263,0,0.6716000737,Minor
40947,SULTANBEYLI,TURGUT REIS NEIGHBORHOOD,0.01210258985,0.0110263488,0.09760629406,0,0.9023937059,Minor
40953,SULTANBEYLI,YAVUZ SELIM NEIGHBORHOOD,0.01874924149,0.018648387,0.005408214865,0,0.9945917851,Minor
40471,SULTANGAZI,50. YIL NEIGHBORHOOD,0.01946822563,0.01877461766,0.03694392011,0,0.9630560799,Minor
40467,SULTANGAZI,75. YIL NEIGHBORHOOD,0.008466381549,0.008970649337,0.05621307543,0,0.9437869246,Minor
40474,SULTANGAZI,CEBECI NEIGHBORHOOD,0.009484786577,0.009687521182,0.02092739737,0,0.9790726026,Minor
40465,SULTANGAZI,CUMHURIYET NEIGHBORHOOD,0.009195366445,0.00933369622,0.01482047115,0,0.9851795288,Minor
40470,SULTANGAZI,ESENTEPE NEIGHBORHOOD,0.009388825577,0.008443605881,0.111945028,0,0.888054972,Minor
40356,SULTANGAZI,ESKI HABIPLER NEIGHBORHOOD,0.005002277339,0.004715752071,0.0607591883,0,0.9392408117,Minor
40469,SULTANGAZI,GAZI NEIGHBORHOOD,0.0178560717,0.01663213552,0.07358863654,0,0.9264113635,Minor
40477,SULTANGAZI,HABIBLER NEIGHBORHOOD,0.005153182201,0.004757721612,0.08311974131,0,0.9168802587,Minor
40475,SULTANGAZI,ISMETPASA NEIGHBORHOOD,0.008814106084,0.0104281981,0.1547814878,0,0.8452185122,Minor
40476,SULTANGAZI,MALKOCOGLU NEIGHBORHOOD,0.005199215532,0.00438823265,0.1848085429,0,0.8151914571,Minor
40472,SULTANGAZI,SULTANCIFTLIGI NEIGHBORHOOD,0.01124245374,0.01107876974,0.0147745652,0,0.9852254348,Minor
40473,SULTANGAZI,UGUR MUMCU NEIGHBORHOOD,0.01636506543,0.02263140421,0.6427560219,0,0.955832202,Minor
40377,SULTANGAZI,YAYLA NEIGHBORHOOD,0.006149298009,0.005270703533,0.1666939662,0,0.8333060338,Minor
40466,SULTANGAZI,YUNUS EMRE NEIGHBORHOOD,0.0128603775,0.01089938326,0.1799179084,0,0.8200820916,Minor
40468,SULTANGAZI,ZUBEYDE HANIM NEIGHBORHOOD,0.01128719054,0.01106464028,0.02011364608,0,0.9798863539,Minor
191927,SILE,AGACDERE NEIGHBORHOOD,0.005455237828,0.00501187935,0.08846152253,0,0.9115384775,Minor
40961,SILE,AGVA MERKEZ NEIGHBORHOOD,0.003883284241,0.003509441117,0.106524974,0,0.893475026,Minor
191861,SILE,AHMETLI NEIGHBORHOOD,0.003271703697,0.003896658904,0.160382323,0,0.839617677,Minor
191863,SILE,AKCAKESE NEIGHBORHOOD,0.002857783215,0.002372950829,0.2043162375,0,0.7956837625,Minor
191947,SILE,ALACALI NEIGHBORHOOD,0.001519575493,0.001650679317,0.5869184534,0,0.9999529982,Minor
191949,SILE,AVCIKORU NEIGHBORHOOD,0.003349821881,0.003552172631,0.05696534776,0,0.9430346522,Minor
40960,SILE,BALIBEY NEIGHBORHOOD,0.001799857238,0.001709643705,0.05276744696,0,0.947232553,Minor
191951,SILE,BICKIDERE NEIGHBORHOOD,0.008124584083,0.008119142955,0.0006701603658,0,0.9993298396,Minor
16785,SILE,BOZGOCA NEIGHBORHOOD,0.001754966103,0.001567986753,0.1192480419,0,0.8807519581,Minor
191897,SILE,BUCAKLI NEIGHBORHOOD,0.002946156209,0.002385335382,0.2351119394,0,0.7648880606,Minor
191899,SILE,CATAKLI NEIGHBORHOOD,0.008058676556,0.006717678875,0.199622177,0,0.800377823,Minor
40959,SILE,CAVUS NEIGHBORHOOD,0.0019321669,0.002487753336,0.2233285863,0,0.7766714137,Minor
191867,SILE,CAYIRBASI NEIGHBORHOOD,0.002107921822,0.002074705124,0.0160103225,0,0.9839896775,Minor
191901,SILE,CELEBI NEIGHBORHOOD,0.003441217181,0.001433750814,0.6953211976,1,0.9925525869,Minor
191929,SILE,CENGILLI NEIGHBORHOOD,0.006799569823,0.005974242496,0.1381476108,0,0.8618523892,Minor
191869,SILE,DARLIK NEIGHBORHOOD,0.006067440432,0.006008594677,0.009793596932,0,0.9902064031,Minor
191931,SILE,DEGIRMENCAYIRI NEIGHBORHOOD,0.008518564615,0.00757175471,0.1250449786,0,0.8749550214,Minor
191953,SILE,DOGANCILI NEIGHBORHOOD,0.001706663028,0.001299283705,2.996661533,0,0.99764152,Minor
191871,SILE,ERENLER NEIGHBORHOOD,0.004240933239,0.002174836366,1.319659325,1,0.9915717483,Minor
191955,SILE,ESENCELI NEIGHBORHOOD,0.005929197405,0.005791913931,0.02370260951,0,0.9762973905,Minor
191903,SILE,GEREDELI NEIGHBORHOOD,0.004199947532,0.00356883721,0.1768392014,0,0.8231607986,Minor
191905,SILE,GOCE NEIGHBORHOOD,0.003545640522,0.003630226681,0.02330051721,0,0.9766994828,Minor
16807,SILE,GOKMASLI NEIGHBORHOOD,0.003730583203,0.003806649265,0.01998241929,0,0.9800175807,Minor
191909,SILE,GOKSU NEIGHBORHOOD,0.006543974308,0.006471875549,0.01114031918,0,0.9888596808,Minor
40958,SILE,HACI KASIM NEIGHBORHOOD,0.002223027389,0.001520235505,0.4622914553,0,0.5377085447,Minor
191911,SILE,HACILLI NEIGHBORHOOD,0.004453790838,0.005498832716,0.1900479486,0,0.8099520514,Minor
191933,SILE,HASANLI NEIGHBORHOOD,0.007152116026,0.006722488449,0.06390900933,0,0.9360909907,Minor
191873,SILE,IMRENDERE NEIGHBORHOOD,0.00325398589,0.002576211909,0.5078329589,0,0.9878080274,Minor
191875,SILE,IMRENLI NEIGHBORHOOD,0.001720252849,0.001969747489,0.1266632604,0,0.8733367396,Minor
191913,SILE,ISAKOY NEIGHBORHOOD,0.006571753519,0.007359924609,0.1070895603,0,0.8929104397,Minor
191877,SILE,KABAKOZ NEIGHBORHOOD,0.003367154261,0.003185720249,0.05695227371,0,0.9430477263,Minor
191915,SILE,KADIKOY NEIGHBORHOOD,0.002377769077,0.001216460956,0.9448249293,1,0.9943345586,Minor
191917,SILE,KALEM NEIGHBORHOOD,0.003284204567,0.003319314969,0.01057760481,0,0.9894223952,Minor
191879,SILE,KARABEYLI NEIGHBORHOOD,0.003555837407,0.003488308403,0.01935866796,0,0.980641332,Minor
191881,SILE,KARACAKOY NEIGHBORHOOD,0.001511359549,0.001732261755,0.1275224167,0,0.8724775833,Minor
191957,SILE,KARAKIRAZ NEIGHBORHOOD,0.001844552158,0.00196085252,0.05931112145,0,0.9406888785,Minor
191883,SILE,KARAMANDERE NEIGHBORHOOD,0.002241856898,0.002737506851,0.1810588905,0,0.8189411095,Minor
191959,SILE,KERVANSARAY NEIGHBORHOOD,0.002338979268,0.003115741908,0.2493026262,0,0.7506973738,Minor
191885,SILE,KIZILCA NEIGHBORHOOD,0.004494478388,0.0040168374,0.1189097144,0,0.8810902856,Minor
191887,SILE,KORUCU NEIGHBORHOOD,0.002938511772,0.002432698977,0.2079224762,0,0.7920775238,Minor
191961,SILE,KOMURLUK NEIGHBORHOOD,0.007264764361,0.0008872522085,11.05326866,1,0.9837204366,Minor
40957,SILE,KUMBABA NEIGHBORHOOD,0.004362751009,0.00339703009,0.2842838871,0,0.7157161129,Minor
191919,SILE,KURFALLI NEIGHBORHOOD,0.00244538987,0.002093893066,0.7681150503,0,0.997829031,Minor
191963,SILE,KURNA NEIGHBORHOOD,0.001125782705,0.0009730140409,0.1570056111,0,0.8429943889,Minor
191889,SILE,MESRUTIYET NEIGHBORHOOD,0.001946215025,0.002069099274,0.05939021445,0,0.9406097856,Minor
191965,SILE,ORUCOGLU NEIGHBORHOOD,0.008525791664,0.007895769429,0.07979237992,0,0.9202076201,Minor
191935,SILE,OSMANKOY NEIGHBORHOOD,0.0074345551,0.006836818766,0.08742901545,0,0.9125709845,Minor
191891,SILE,OVACIK NEIGHBORHOOD,0.003015374521,0.003433466806,0.121769718,0,0.878230282,Minor
191967,SILE,SAHILKOY NEIGHBORHOOD,0.001629708647,0.001601393967,2.220744215,0,0.9995395637,Minor
191893,SILE,SATMAZLI NEIGHBORHOOD,0.004376692595,0.004412559297,0.008128321818,0,0.9918716782,Minor
191969,SILE,SOFULAR NEIGHBORHOOD,0.00177321658,0.001249482029,0.4191613314,0,0.5808386686,Minor
191921,SILE,SOGULLU NEIGHBORHOOD,0.00844531407,0.00760232825,0.1108852173,0,0.8891147827,Minor
191937,SILE,SORTULLU NEIGHBORHOOD,0.006940726349,0.005403933598,0.6514468224,0,0.9723039605,Minor
191923,SILE,SUAYIPLI NEIGHBORHOOD,0.001998419761,0.001734554951,0.1521224852,0,0.8478775148,Minor
16816,SILE,TEKE NEIGHBORHOOD,0.004663464406,0.005761066926,0.1905207028,0,0.8094792972,Minor
191971,SILE,ULUPELIT NEIGHBORHOOD,0.00657612891,0.006485434458,0.01398432942,0,0.9860156706,Minor
191973,SILE,UVEZLI NEIGHBORHOOD,0.004645914852,0.0005714057465,7.849083895,1,0.9944731353,Minor
191939,SILE,YAKA NEIGHBORHOOD,0.00968101424,0.009341189903,0.03637912736,0,0.9636208726,Minor
191941,SILE,YAYLALI NEIGHBORHOOD,0.003913863477,0.005093602319,0.2316118865,0,0.7683881135,Minor
191943,SILE,YAZIMANAYIR NEIGHBORHOOD,0.004967303081,0.005239704484,0.05198793247,0,0.9480120675,Minor
191895,SILE,YENIKOY NEIGHBORHOOD,0.003298303837,0.003204889536,0.02914743231,0,0.9708525677,Minor
191945,SILE,YESILVADI NEIGHBORHOOD,0.002029393838,0.002284208794,0.1115550191,0,0.8884449809,Minor
40685,SISLI,19 MAYIS NEIGHBORHOOD,0.02680017528,0.01655095244,1.349325333,1,0.8201779603,Minor
40687,SISLI,BOZKURT NEIGHBORHOOD,0.01183536439,0.01303342829,0.09192239153,0,0.9080776085,Minor
40688,SISLI,CUMHURIYET NEIGHBORHOOD,0.0179415425,0.01610820657,0.1138137835,0,0.8861862165,Minor
40689,SISLI,DUATEPE NEIGHBORHOOD,0.02939311298,0.01286966875,0.5547795892,1,0.8419180343,Minor
40690,SISLI,ERGENEKON NEIGHBORHOOD,0.01684662383,0.01375200914,0.2250300057,0,0.7749699943,Minor
40691,SISLI,ESENTEPE NEIGHBORHOOD,0.008785559455,0.007117416011,0.2343748688,0,0.7656251312,Minor
40692,SISLI,ESKISEHIR NEIGHBORHOOD,0.01586629845,0.01579527481,0.004496511508,0,0.9955034885,Minor
40693,SISLI,FERIKOY NEIGHBORHOOD,0.04146270153,0.01749021912,1.082081126,1,0.8383657426,Medium
40694,SISLI,FULYA NEIGHBORHOOD,0.01444870323,0.01587054932,0.08959022573,0,0.9104097743,Minor
40695,SISLI,GULBAHAR NEIGHBORHOOD,0.0215792901,0.01479547231,0.6981329973,0,0.9433668323,Minor
40698,SISLI,HALASKARGAZI NEIGHBORHOOD,0.01106002709,0.00785414861,0.4081764475,0,0.5918235525,Minor
40696,SISLI,HALIDE EDIP ADIVAR NEIGHBORHOOD,0.01172061708,0.01302001677,0.09980015489,0,0.9001998451,Minor
40697,SISLI,HALIL RIFAT PASA NEIGHBORHOOD,0.04583533814,0.01450866175,1.679687568,1,0.927733686,Medium
40699,SISLI,HARBIYE NEIGHBORHOOD,0.006969017675,0.007157750507,0.0263676182,0,0.9736323818,Minor
40711,SISLI,INONU NEIGHBORHOOD,0.0107244251,0.01098678695,0.02387976139,0,0.9761202386,Minor
40712,SISLI,IZZETPASA NEIGHBORHOOD,0.01492194926,0.016134917,0.07517657123,0,0.9248234288,Minor
40701,SISLI,KAPTANPASA NEIGHBORHOOD,0.01164099838,0.008892918808,0.3090188531,0,0.6909811469,Minor
40702,SISLI,KUSTEPE NEIGHBORHOOD,0.0154895964,0.01454972777,0.06459699065,0,0.9354030093,Minor
40703,SISLI,MAHMUT SEVKET PASA NEIGHBORHOOD,0.01138571028,0.02147770894,0.4698824574,0,0.5301175426,Minor
40705,SISLI,MECIDIYEKOY NEIGHBORHOOD,0.01820421027,0.01616733768,0.12598689,0,0.87401311,Minor
40706,SISLI,MERKEZ NEIGHBORHOOD,0.009250168541,0.01246103363,0.2576724516,0,0.7423275484,Minor
40707,SISLI,MESRUTIYET NEIGHBORHOOD,0.01797684916,0.0220797197,0.1858207711,0,0.8141792289,Minor
40708,SISLI,PASA NEIGHBORHOOD,0.01541474735,0.01576717392,0.02235191727,0,0.9776480827,Minor
40709,SISLI,TESVIKIYE NEIGHBORHOOD,0.01152910295,0.01318492346,0.1255843852,0,0.8744156148,Minor
40710,SISLI,YAYLA NEIGHBORHOOD,0.02049733675,0.01868841425,0.09679379304,0,0.903206207,Minor
40725,TUZLA,AKFIRAT NEIGHBORHOOD,0.009438205326,0.01095605591,0.138539872,0,0.861460128,Minor
40730,TUZLA,ANADOLU NEIGHBORHOOD,0.01905073498,0.009313478658,0.8123241627,1,0.9580607715,Minor
40720,TUZLA,AYDINLI NEIGHBORHOOD,0.03396688056,0.03141693577,0.08116465641,0,0.9188353436,Medium
40717,TUZLA,AYDINTEPE NEIGHBORHOOD,0.04577255572,0.04076409897,0.1228644047,0,0.8771355953,Medium
40724,TUZLA,CAMI NEIGHBORHOOD,0.0679146506,0.0707028191,0.03943504001,0,0.96056496,Medium
40718,TUZLA,EVLIYA CELEBI NEIGHBORHOOD,0.0483113643,0.04569965478,0.05714943653,0,0.9428505635,Medium
40731,TUZLA,FATIH NEIGHBORHOOD,0.009711717494,0.008173536006,0.1881904585,0,0.8118095415,Minor
40716,TUZLA,ICMELER NEIGHBORHOOD,0.04088883619,0.04092576566,0.0009023525758,0,0.9990976474,Medium
40723,TUZLA,ISTASYON NEIGHBORHOOD,0.1031284906,0.100269105,0.02851711509,0,0.9714828849,Heavy
40732,TUZLA,MESCIT NEIGHBORHOOD,0.02287900459,0.02402655383,0.04776170767,0,0.9522382923,Minor
40721,TUZLA,MIMAR SINAN NEIGHBORHOOD,0.1198049226,0.1153191186,0.03889904901,0,0.961100951,Heavy
40728,TUZLA,ORHANLI NEIGHBORHOOD,0.01742753747,0.01845165535,0.05550276403,0,0.944497236,Minor
40729,TUZLA,ORTA NEIGHBORHOOD,0.02909333947,0.01571282703,0.7769501116,1,0.9010391784,Minor
40719,TUZLA,POSTANE NEIGHBORHOOD,0.0500860844,0.04100114193,0.2215777911,0,0.7784222089,Medium
40722,TUZLA,SIFA NEIGHBORHOOD,0.1309332616,0.1493479721,0.1233007067,0,0.8766992933,Heavy
40726,TUZLA,TEPEOREN NEIGHBORHOOD,0.01710605172,0.008919847178,1.136864279,1,0.9574158748,Minor
40715,TUZLA,YAYLA NEIGHBORHOOD,0.05708006111,0.05682444534,0.004498341572,0,0.9955016584,Medium
98684,UMRANIYE,ADEM YAVUZ NEIGHBORHOOD,0.01245621476,0.01334416371,0.06654212048,0,0.9334578795,Minor
98685,UMRANIYE,ALTINSEHIR NEIGHBORHOOD,0.01229528084,0.01243539463,0.01126733789,0,0.9887326621,Minor
98686,UMRANIYE,ARMAGANEVLER NEIGHBORHOOD,0.009510876563,0.008502620299,0.1185818288,0,0.8814181712,Minor
40742,UMRANIYE,ASAGI DUDULLU NEIGHBORHOOD,0.01617073671,0.01647208019,0.01829419717,0,0.9817058028,Minor
40748,UMRANIYE,ATAKENT NEIGHBORHOOD,0.007854261144,0.007200055962,0.09086112467,0,0.9091388753,Minor
40735,UMRANIYE,ATATURK NEIGHBORHOOD,0.01242267793,0.01105493873,0.1237220069,0,0.8762779931,Minor
98688,UMRANIYE,CEMIL MERIC NEIGHBORHOOD,0.01896170738,0.01902182055,0.003160221573,0,0.9968397784,Minor
40738,UMRANIYE,CAKMAK NEIGHBORHOOD,0.01241294085,0.005262712672,0.8135784559,1,0.9672052486,Minor
98689,UMRANIYE,CAMLIK NEIGHBORHOOD,0.005850233233,0.004022439831,0.45439919,0,0.54560081,Minor
98690,UMRANIYE,DUMLUPINAR NEIGHBORHOOD,0.007398933174,0.007536348162,0.01823363056,0,0.9817663694,Minor
98691,UMRANIYE,ELMALIKENT NEIGHBORHOOD,0.007960232036,0.007583631301,0.04965968421,0,0.9503403158,Minor
98692,UMRANIYE,ESENEVLER NEIGHBORHOOD,0.01627295852,0.004788867083,2.458202738,1,0.9647693132,Minor
98709,UMRANIYE,ESENKENT NEIGHBORHOOD,0.006724239374,0.007950058921,0.1541899953,0,0.8458100047,Minor
40747,UMRANIYE,ESENSEHIR NEIGHBORHOOD,0.0135056131,0.01696077237,0.2037147357,0,0.7962852643,Minor
98693,UMRANIYE,FATIH SULTAN MEHMET NEIGHBORHOOD,0.007999311483,0.008386295138,0.04614476931,0,0.9538552307,Minor
40744,UMRANIYE,HEKIMBASI NEIGHBORHOOD,0.006884949116,0.006472862902,0.06366367095,0,0.9363363291,Minor
98694,UMRANIYE,HUZUR NEIGHBORHOOD,0.01085448185,0.009109324793,0.1915791895,0,0.8084208105,Minor
40745,UMRANIYE,IHLAMURKUYU NEIGHBORHOOD,0.0103505322,0.01591924414,0.3498100721,0,0.6501899279,Minor
40737,UMRANIYE,INKILAP NEIGHBORHOOD,0.008540897894,0.008217123518,0.03940239855,0,0.9605976014,Minor
40739,UMRANIYE,ISTIKLAL NEIGHBORHOOD,0.003555104218,0.006752423312,0.4735069095,0,0.5264930905,Minor
40743,UMRANIYE,KAZIM KARABEKIR NEIGHBORHOOD,0.008178904627,0.009434433193,0.1330793849,0,0.8669206151,Minor
98695,UMRANIYE,MADENLER NEIGHBORHOOD,0.006240310721,0.007182700684,0.1312027333,0,0.8687972667,Minor
98696,UMRANIYE,MEHMET AKIF NEIGHBORHOOD,0.02494201669,0.004476206194,9.461480347,1,0.9199614108,Minor
40736,UMRANIYE,NAMIK KEMAL NEIGHBORHOOD,0.009352024067,0.007662520621,0.2204892527,0,0.7795107473,Minor
98699,UMRANIYE,NECIP FAZIL NEIGHBORHOOD,0.02506501391,0.02414415889,0.0381398675,0,0.9618601325,Minor
98700,UMRANIYE,PARSELLER NEIGHBORHOOD,0.01228160533,0.01215461558,0.01044786261,0,0.9895521374,Minor
98702,UMRANIYE,SITE NEIGHBORHOOD,0.01302877531,0.01251747376,0.04084702418,0,0.9591529758,Minor
98703,UMRANIYE,SERIFALI NEIGHBORHOOD,0.01702479844,0.004994579563,0.9470151532,1,0.9406895893,Minor
98704,UMRANIYE,TANTAVI NEIGHBORHOOD,0.0113064226,0.007688490775,0.4705646311,0,0.5294353689,Minor
98705,UMRANIYE,TATLISU NEIGHBORHOOD,0.003286924759,0.004329111867,0.2407392416,0,0.7592607584,Minor
98706,UMRANIYE,TEPEUSTU NEIGHBORHOOD,0.009159197898,0.008959662919,0.02227036678,0,0.9777296332,Minor
98707,UMRANIYE,TOPAGACI NEIGHBORHOOD,0.006997250304,0.006778934852,0.03220497866,0,0.9677950213,Minor
98708,UMRANIYE,YAMANEVLER NEIGHBORHOOD,0.01018373664,0.007659307435,0.3295897483,0,0.6704102517,Minor
40741,UMRANIYE,YUKARI DUDULLU NEIGHBORHOOD,0.01993626417,0.008183689912,1.25669307,1,0.8036845801,Minor
40778,USKUDAR,ACIBADEM NEIGHBORHOOD,0.02398675807,0.01730239657,0.3863257595,0,0.6136742405,Minor
98664,USKUDAR,AHMEDIYE NEIGHBORHOOD,0.06180062926,0.02488499143,1.294790189,1,0.8447288907,Medium
40781,USKUDAR,ALTUNIZADE NEIGHBORHOOD,0.03757689023,0.01206630064,3.078943736,1,0.9199134944,Medium
98665,USKUDAR,AZIZ MAHMUT HUDAYI NEIGHBORHOOD,0.03131423971,0.02851041014,0.09834406279,0,0.9016559372,Medium
40785,USKUDAR,BAHCELIEVLER NEIGHBORHOOD,0.01035989626,0.01065126431,0.02735525524,0,0.9726447448,Minor
40786,USKUDAR,BARBAROS NEIGHBORHOOD,0.01913130322,0.01923355816,0.005316486177,0,0.9946835138,Minor
40787,USKUDAR,BEYLERBEYI NEIGHBORHOOD,0.01114222205,0.01164505961,0.04318033412,0,0.9568196659,Minor
40788,USKUDAR,BULGURLU NEIGHBORHOOD,0.02102580178,0.007234859185,0.5518135742,1,0.9169089154,Minor
40789,USKUDAR,BURHANIYE NEIGHBORHOOD,0.01099609275,0.01068105804,0.02949471006,0,0.9705052899,Minor
40790,USKUDAR,CUMHURIYET NEIGHBORHOOD,0.009055879614,0.009553656342,0.05210326915,0,0.9478967309,Minor
98666,USKUDAR,CENGELKOY NEIGHBORHOOD,0.01380775043,0.01328103721,0.03965904291,0,0.9603409571,Minor
40794,USKUDAR,FERAH NEIGHBORHOOD,0.02518332123,0.02529662143,0.004478866728,0,0.9955211333,Minor
40797,USKUDAR,GUZELTEPE NEIGHBORHOOD,0.01087700879,0.009643784062,0.1278776797,0,0.8721223203,Minor
40802,USKUDAR,ICADIYE NEIGHBORHOOD,0.01981624571,0.01976676543,0.002503205713,0,0.9974967943,Minor
40806,USKUDAR,KANDILLI NEIGHBORHOOD,0.006923141893,0.006636564094,0.04318165173,0,0.9568183483,Minor
40809,USKUDAR,KISIKLI NEIGHBORHOOD,0.01362379692,0.01315464652,0.03566423449,0,0.9643357655,Minor
40808,USKUDAR,KIRAZLITEPE NEIGHBORHOOD,0.01864940161,0.01760680256,0.05921569462,0,0.9407843054,Minor
40810,USKUDAR,KULELI NEIGHBORHOOD,0.008888361727,0.00741650869,0.1984563221,0,0.8015436779,Minor
40811,USKUDAR,KUZGUNCUK NEIGHBORHOOD,0.01338905875,0.01280255328,0.04581160143,0,0.9541883986,Minor
98667,USKUDAR,KUCUK CAMLICA NEIGHBORHOOD,0.01136171579,0.01171876803,0.03046841067,0,0.9695315893,Minor
40812,USKUDAR,KUCUKSU NEIGHBORHOOD,0.008732373579,0.00897034515,0.02652869727,0,0.9734713027,Minor
40813,USKUDAR,KUPLUCE NEIGHBORHOOD,0.01487006871,0.01320451201,0.1261354222,0,0.8738645778,Minor
40814,USKUDAR,MEHMET AKIF ERSOY NEIGHBORHOOD,0.01306978871,0.01356392879,0.03643045379,0,0.9635695462,Minor
98668,USKUDAR,MIMAR SINAN NEIGHBORHOOD,0.04715987328,0.04833457335,0.02430351586,0,0.9756964841,Medium
40815,USKUDAR,MURATREIS NEIGHBORHOOD,0.03323437213,0.02689875712,0.6187936399,0,0.9369767952,Medium
40804,USKUDAR,SALACAK NEIGHBORHOOD,0.02653950021,0.02173349097,0.2211337906,0,0.7788662094,Minor
40819,USKUDAR,SELAMI ALI NEIGHBORHOOD,0.02425439004,0.0248865099,0.02540010067,0,0.9745998993,Minor
40820,USKUDAR,SELIMIYE NEIGHBORHOOD,0.02492361118,0.02281537003,0.09240442478,0,0.9075955752,Minor
98669,USKUDAR,SULTANTEPE NEIGHBORHOOD,0.0366991109,0.03937984073,0.06807365846,0,0.9319263415,Medium
40827,USKUDAR,UNALAN NEIGHBORHOOD,0.02091669507,0.01856543066,0.1266474482,0,0.8733525518,Minor
40828,USKUDAR,VALIDE-I ATIK NEIGHBORHOOD,0.02669137871,0.02607583437,0.02360593076,0,0.9763940692,Minor
40830,USKUDAR,YAVUZTURK NEIGHBORHOOD,0.02156024143,0.009217062496,1.129038807,1,0.9547272242,Minor
98670,USKUDAR,ZEYNEP KAMIL NEIGHBORHOOD,0.0254036074,0.02056324796,0.2353888577,0,0.7646111423,Minor
40838,ZEYTINBURNU,BESTELSIZ NEIGHBORHOOD,0.1426088001,0.1428832134,0.001920542212,0,0.9980794578,Heavy
40837,ZEYTINBURNU,CIRPICI NEIGHBORHOOD,0.1992703274,0.200101874,0.004155616625,0,0.9958443834,Very Heavy
40834,ZEYTINBURNU,GOKALP NEIGHBORHOOD,0.161238216,0.1615556318,0.001964745921,0,0.9980352541,Heavy
40840,ZEYTINBURNU,KAZLICESME NEIGHBORHOOD,0.1134368317,0.117975866,0.03847426112,0,0.9615257389,Heavy
40843,ZEYTINBURNU,MALTEPE NEIGHBORHOOD,0.06471026078,0.06418835965,0.008130775388,0,0.9918692246,Medium
40842,ZEYTINBURNU,MERKEZEFENDI NEIGHBORHOOD,0.1629730177,0.1595339824,0.02155675725,0,0.9784432428,Heavy
40832,ZEYTINBURNU,NURIPASA NEIGHBORHOOD,0.1989786017,0.1998889955,0.004554496801,0,0.9954455032,Very Heavy
40841,ZEYTINBURNU,SEYITNIZAM NEIGHBORHOOD,0.1178414119,0.1313838343,0.1030752569,0,0.8969247431,Heavy
40831,ZEYTINBURNU,SUMER NEIGHBORHOOD,0.2824072534,0.243305934,0.1607084495,0,0.8392915505,Very Heavy
40839,ZEYTINBURNU,TELSIZ NEIGHBORHOOD,0.1602108309,0.1626311137,0.01488204031,0,0.9851179597,Heavy
40836,ZEYTINBURNU,VELIEFENDI NEIGHBORHOOD,0.1952144569,0.1928903775,0.01204870575,0,0.9879512943,Very Heavy
40833,ZEYTINBURNU,YENIDOGAN NEIGHBORHOOD,0.1710395152,0.1692245047,0.01072545897,0,0.989274541,Heavy
40835,ZEYTINBURNU,YESILTEPE NEIGHBORHOOD,0.1896164053,0.1905570181,0.004936122622,0,0.9950638774,Very Heavy