PROVINCE,DISTRICT,NEIGHBORHOOD,X,Y
İSTANBUL,KÜÇÜKÇEKMECE,ATATÜRK MAHALLESI,28.79721082352941,41.053921783957236
İSTANBUL,KÜÇÜKÇEKMECE,BEŞYOL MAHALLESI,28.79722109677419,40.99107801612904
İSTANBUL,KÜÇÜKÇEKMECE,CENNET MAHALLESI,28.779198026771656,40.99148522204726
İSTANBUL,KÜÇÜKÇEKMECE,CUMHURIYET MAHALLESI,28.777527845312505,41.001310377343735
İSTANBUL,KÜÇÜKÇEKMECE,FATIH MAHALLESI,28.770570834602857,40.98516721936892
İSTANBUL,KÜÇÜKÇEKMECE,FEVZI ÇAKMAK MAHALLESI,28.78867239577466,41.00865691549295
İSTANBUL,KÜÇÜKÇEKMECE,HALKALI MERKEZ MAHALLESI,28.790694708362363,41.03515909059233
İSTANBUL,KÜÇÜKÇEKMECE,İNÖNÜ MAHALLESI,28.799358955172416,41.02232578896552
İSTANBUL,KÜÇÜKÇEKMECE,İSTASYON MAHALLESI,28.77153169482759,41.02410971321839
İSTANBUL,KÜÇÜKÇEKMECE,KARTALTEPE MAHALLESI,28.805388968367335,41.002034921428574
İSTANBUL,KÜÇÜKÇEKMECE,KEMALPAŞA MAHALLESI,28.794007629411773,41.001639166666656
İSTANBUL,KÜÇÜKÇEKMECE,MEHMET AKIF MAHALLESI,28.802501441935487,41.055508288172035
İSTANBUL,KÜÇÜKÇEKMECE,SÖĞÜTLÜ ÇEŞME MAHALLESI,28.78667775362319,41.01999266666667
İSTANBUL,KÜÇÜKÇEKMECE,SULTAN MURAT MAHALLESI,28.78689430487804,41.00177292682926
İSTANBUL,KÜÇÜKÇEKMECE,TEVFIKBEY MAHALLESI,28.80092393928572,41.01129950714285
İSTANBUL,KÜÇÜKÇEKMECE,YARIMBURGAZ MAHALLESI,28.752238269272254,41.03925361644205
İSTANBUL,KÜÇÜKÇEKMECE,YENI MAHALLE,28.777938230081304,40.99562016991871
İSTANBUL,KÜÇÜKÇEKMECE,YEŞILOVA MAHALLESI,28.785367780232566,40.99225779767442
İSTANBUL,BEŞIKTAŞ,BALMUMCU MAHALLESI,29.016160500000005,41.059607053488364
İSTANBUL,BEŞIKTAŞ,BEBEK MAHALLESI,29.04551121951219,41.079976879024365
İSTANBUL,BEŞIKTAŞ,KÜLTÜR MAHALLESI,29.03393401454545,41.07292594181817
İSTANBUL,BEŞIKTAŞ,KURUÇEŞME MAHALLESI,29.034817330232574,41.06178620465116
İSTANBUL,BEŞIKTAŞ,MECIDIYE MAHALLESI,29.020450127692307,41.051773567692315
İSTANBUL,BEŞIKTAŞ,NISPETIYE MAHALLESI,29.020935849999994,41.07154734999999
İSTANBUL,BEŞIKTAŞ,YILDIZ MAHALLESI,29.01485792808988,41.046919766292135
İSTANBUL,BEŞIKTAŞ,TÜRKALI MAHALLESI,29.003220925490194,41.04717332745098
İSTANBUL,BEŞIKTAŞ,CIHANNÜMA MAHALLESI,29.007161952,41.04638502399999
İSTANBUL,BEŞIKTAŞ,VIŞNEZADE MAHALLESI,28.997917048275863,41.04111721896551
İSTANBUL,BEŞIKTAŞ,KONAKLAR MAHALLESI,29.01956731685393,41.09881121348316
İSTANBUL,BAHÇELIEVLER,BAHÇELIEVLER MAHALLESI,28.864919344660194,41.00361504077669
İSTANBUL,BAHÇELIEVLER,SOĞANLI MAHALLESI,28.855315499999993,41.01036666231884
İSTANBUL,BAHÇELIEVLER,CUMHURIYET MAHALLESI,28.854885649999996,41.01748301666668
İSTANBUL,BAHÇELIEVLER,ZAFER MAHALLESI,28.835432586516863,41.004802223595505
İSTANBUL,BAHÇELIEVLER,ÇOBANÇEŞME MAHALLESI,28.82716335857142,41.00257315142857
İSTANBUL,BEYLIKDÜZÜ,SAHIL MAHALLESI,28.642038552447556,40.96774477972028
İSTANBUL,BEYLIKDÜZÜ,KAVAKLI MAHALLESI,28.642846575119616,40.97781893636363
İSTANBUL,BEYLIKDÜZÜ,GÜRPINAR MAHALLESI,28.60395964864865,40.98605257297299
İSTANBUL,BEYLIKDÜZÜ,DEREAĞZI MAHALLESI,28.612826587125742,40.97217327335328
İSTANBUL,BEYLIKDÜZÜ,CUMHURIYET MAHALLESI,28.637779617499994,41.00967229500001
İSTANBUL,BEYLIKDÜZÜ,BÜYÜKŞEHIR MAHALLESI,28.644163503921572,41.00557331568627
İSTANBUL,BEYLIKDÜZÜ,BARIŞ MAHALLESI,28.651144530000007,40.99816771
İSTANBUL,BEYLIKDÜZÜ,ADNAN KAHVECI MAHALLESI,28.626113342718437,40.99835788155339
İSTANBUL,BAKIRKÖY,ATAKÖY 1. KISIM MAHALLESI,28.872590671134017,40.97306919999999
İSTANBUL,BAKIRKÖY,ATAKÖY 2-5-6. KISIM MAHALLESI,28.854684435087723,40.97528403508773
İSTANBUL,BAKIRKÖY,ATAKÖY 3-4-11. KISIM MAHALLESI,28.860099819999995,40.983122249999994
İSTANBUL,BAKIRKÖY,ATAKÖY 7-8-9-10. KISIM MAHALLESI,28.839500596551726,40.985790281034475
İSTANBUL,BAKIRKÖY,BASINKÖY MAHALLESI,28.782551005681807,40.97792896022725
İSTANBUL,BAKIRKÖY,CEVIZLIK MAHALLESI,28.876567496296296,40.97615613703703
İSTANBUL,BAKIRKÖY,KARTALTEPE MAHALLESI,28.876560923287666,40.98922821232878
İSTANBUL,BAKIRKÖY,OSMANIYE MAHALLESI,28.88521168313254,40.99299127710842
İSTANBUL,BAKIRKÖY,SAKIZAĞACI MAHALLESI,28.88471834054054,40.97784044459459
İSTANBUL,BAKIRKÖY,ŞENLIK MAHALLESI,28.79447481009175,40.97473701192661
İSTANBUL,BAKIRKÖY,YENIMAHALLE MAHALLESI,28.88388295,40.98123227
İSTANBUL,BAKIRKÖY,YEŞILKÖY MAHALLESI,28.82270615181059,40.96509935181058
İSTANBUL,BAKIRKÖY,YEŞILYURT MAHALLESI,28.84354546213592,40.96644318155338
İSTANBUL,BAKIRKÖY,ZEYTINLIK MAHALLESI,28.873606208620686,40.975832441379325
İSTANBUL,BAKIRKÖY,ZUHURATBABA MAHALLESI,28.86565120350877,40.98641828421054
İSTANBUL,BAYRAMPAŞA,YENIDOĞAN MAHALLESI,28.912505652941178,41.04019082794118
İSTANBUL,BAYRAMPAŞA,VATAN MAHALLESI,28.906571917647064,41.03285770588235
İSTANBUL,BAYRAMPAŞA,TERAZIDERE MAHALLESI,28.900542859459467,41.03264207297296
İSTANBUL,BAYRAMPAŞA,ORTAMAHALLE MAHALLESI,28.912503197468354,41.03344472278479
İSTANBUL,BAYRAMPAŞA,KOCATEPE MAHALLESI,28.892025404,41.053339791999996
İSTANBUL,BAYRAMPAŞA,KARTALTEPE MAHALLESI,28.89957841,41.056597366
İSTANBUL,BAYRAMPAŞA,İSMETPAŞA MAHALLESI,28.904984790909097,41.04283096818182
İSTANBUL,BAYRAMPAŞA,CEVATPAŞA MAHALLESI,28.882857365217387,41.07097730869565
İSTANBUL,ESENYURT,GÖKEVLER MAHALLESI,28.631614632812504,41.02744147343749
İSTANBUL,ESENYURT,ATATÜRK MAHALLESI,28.6346104,41.03402284285712
İSTANBUL,ESENYURT,OSMANGAZI MAHALLESI,28.64294820202021,41.048524348484854
İSTANBUL,ESENYURT,AKÇABURGAZ MAHALLESI,28.64007063250001,41.066788865
İSTANBUL,AVCILAR,MUSTAFA KEMAL PAŞA MAHALLESI,28.703002399999995,41.00266623999999
İSTANBUL,AVCILAR,GÜMÜŞPALA MAHALLESI,28.741207034000002,40.982764515999996
İSTANBUL,AVCILAR,DENIZKÖŞKLER MAHALLESI,28.73775406780821,40.975011333561646
İSTANBUL,SULTANGAZI,MALKOÇOĞLU MAHALLESI,28.84742874333334,41.11671973999999
İSTANBUL,SULTANGAZI,50. YIL MAHALLESI,28.869881981250003,41.09153668125001
İSTANBUL,SULTANGAZI,CEBECI MAHALLESI,28.8791641728972,41.119140042990665
İSTANBUL,SULTANGAZI,CUMHURIYET MAHALLESI,28.878218025000002,41.08829524642857
İSTANBUL,SULTANGAZI,ESENTEPE MAHALLESI,28.88702988695652,41.102718895652174
İSTANBUL,SULTANGAZI,ESKI HABIPLER MAHALLESI,28.834527809756104,41.13012085853658
İSTANBUL,SULTANGAZI,GAZI MAHALLESI,28.898137022222222,41.10729250694445
İSTANBUL,SULTANGAZI,HABIPLER MAHALLESI,28.85584672962962,41.13426853086418
İSTANBUL,SULTANGAZI,İSMETPAŞA MAHALLESI,28.853450161538454,41.11081898076923
İSTANBUL,SULTANGAZI,SULTANÇIFTLIĞI MAHALLESI,28.861559190000005,41.09735919
İSTANBUL,SULTANGAZI,UĞURMUMCU MAHALLESI,28.86712220666666,41.10030565666666
İSTANBUL,SULTANGAZI,YUNUS EMRE MAHALLESI,28.89628240277777,41.09582539722223
İSTANBUL,SULTANGAZI,ZÜBEYDE HANIM MAHALLESI,28.907939669531252,41.10848115468747
İSTANBUL,BAŞAKŞEHIR,BAHÇEŞEHIR 2. KISIM MAHALLESI,28.673656101212117,41.077978352727264
İSTANBUL,BAŞAKŞEHIR,BAHÇEŞEHIR 1. KISIM MAHALLESI,28.68582879518716,41.083097291978596
İSTANBUL,BAŞAKŞEHIR,ŞAHINTEPE MAHALLESI,28.729136883941614,41.08901785401459
İSTANBUL,BAŞAKŞEHIR,KAYABAŞI MAHALLESI,28.752660827054807,41.11540735958908
İSTANBUL,BAŞAKŞEHIR,GÜVERCINTEPE MAHALLESI,28.749055566972476,41.09032210779818
İSTANBUL,BAŞAKŞEHIR,BAŞAK MAHALLESI,28.81711758832116,41.105369133576616
İSTANBUL,BAŞAKŞEHIR,BAŞAKŞEHIR MAHALLESI,28.78893721351352,41.11344210945944
İSTANBUL,BAŞAKŞEHIR,ALTINŞEHIR MAHALLESI,28.750317019148937,41.06924672127658
İSTANBUL,BAŞAKŞEHIR,ZIYA GÖKALP MAHALLESI,28.774616292982454,41.07526971403511
İSTANBUL,ESENLER,HAVAALANI MAHALLESI,28.86990331923077,41.05655735
İSTANBUL,ESENLER,YAVUZ SELIM MAHALLESI,28.88937495465116,41.03689672674419
İSTANBUL,ESENLER,TURGUT REIS MAHALLESI,28.863489572857137,41.05976110285715
İSTANBUL,ESENLER,TUNA MAHALLESI,28.861783006349217,41.04944560476189
İSTANBUL,ESENLER,ORUÇREIS MAHALLESI,28.86053621481482,41.06929031904761
İSTANBUL,ESENLER,NENEHATUN MAHALLESI,28.877495921621612,41.036271224324324
İSTANBUL,ESENLER,NAMIK KEMAL MAHALLESI,28.895222113793096,41.03023005000001
İSTANBUL,ESENLER,MIMAR SINAN MAHALLESI,28.888592002631572,41.03527321447369
İSTANBUL,ESENLER,KEMER MAHALLESI,28.880640589361697,41.05305085957447
İSTANBUL,ESENLER,KAZIM KARABEKIR MAHALLESI,28.873087905660384,41.04498077924529
İSTANBUL,ESENLER,FEVZI ÇAKMAK MAHALLESI,28.882609741891894,41.04294710945946
İSTANBUL,ESENLER,FATIH MAHALLESI,28.865836542372875,41.04191820508474
İSTANBUL,ESENLER,DAVUTPAŞA MAHALLESI,28.89101098461537,41.03265310769232
İSTANBUL,ESENLER,ÇIFTEHAVUZLAR MAHALLESI,28.89221165545455,41.02540327454546
İSTANBUL,ESENLER,BIRLIK MAHALLESI,28.870479485483873,41.051293119354845
İSTANBUL,EYÜPSULTAN,AKŞEMSETTIN MAHALLESI,28.92731509298245,41.08625290350877
İSTANBUL,EYÜPSULTAN,ALIBEYKÖY MAHALLESI,28.94417959125,41.07985130249999
İSTANBUL,EYÜPSULTAN,ÇIRÇIR MAHALLESI,28.937139917647052,41.082008895588224
İSTANBUL,EYÜPSULTAN,DEFTERDAR MAHALLESI,28.936149478571426,41.03695986785714
İSTANBUL,EYÜPSULTAN,EMNIYETTEPE MAHALLESI,28.94828326764705,41.06794949117647
İSTANBUL,EYÜPSULTAN,ESENTEPE MAHALLESI,28.9401405828125,41.07111193281251
İSTANBUL,EYÜPSULTAN,GÜZELTEPE MAHALLESI,28.945930831137723,41.092478561676636
İSTANBUL,EYÜPSULTAN,İSLAMBEY MAHALLESI,28.92737384269663,41.051417343820205
İSTANBUL,EYÜPSULTAN,KARADOLAP MAHALLESI,28.934120990769227,41.07393437538462
İSTANBUL,EYÜPSULTAN,MERKEZ MAHALLESI,28.93767157111111,41.054391887777776
İSTANBUL,EYÜPSULTAN,NIŞANCI MAHALLESI,28.934120239583336,41.04322251458333
İSTANBUL,EYÜPSULTAN,SAKARYA MAHALLESI,28.93981740793651,41.066778887301574
İSTANBUL,EYÜPSULTAN,SILAHTARAĞA MAHALLESI,28.941041297560975,41.0620657804878
İSTANBUL,EYÜPSULTAN,YEŞILPINAR MAHALLESI,28.920808466071435,41.07373834821427
İSTANBUL,EYÜPSULTAN,TOPÇULAR MAHALLESI,28.9236925,41.03756969117646
İSTANBUL,EYÜPSULTAN,RAMI YENI MAHALLE,28.91764197999999,41.051209973999995
İSTANBUL,BAĞCILAR,YILDIZTEPE MAHALLESI,28.853778705,41.02404071166665
İSTANBUL,BAĞCILAR,YENIMAHALLE MAHALLESI,28.83811936865671,41.04377663134326
İSTANBUL,BAĞCILAR,YENIGÜN MAHALLESI,28.859705382222234,41.02252564888889
İSTANBUL,BAĞCILAR,YAVUZSELIM MAHALLESI,28.849604290769218,41.038201946153855
İSTANBUL,BAĞCILAR,SANCAKTEPE MAHALLESI,28.854462748648654,41.03935278648649
İSTANBUL,BAĞCILAR,KAZIMKARABEKIR MAHALLESI,28.844140621052635,41.02758208070175
İSTANBUL,BAĞCILAR,İNÖNÜ MAHALLESI,28.851474637499994,41.02974983035715
İSTANBUL,BAĞCILAR,GÖZTEPE MAHALLESI,28.838123816883108,41.060565724675314
İSTANBUL,BAĞCILAR,FEVZI ÇAKMAK MAHALLESI,28.855673661971824,41.04575297746478
İSTANBUL,BAĞCILAR,FATIH MAHALLESI,28.845635608000013,41.05042234133334
İSTANBUL,BAĞCILAR,ÇINAR MAHALLESI,28.864930813461537,41.036538363461545
İSTANBUL,BAĞCILAR,BAĞLAR MAHALLESI,28.82091087777778,41.02491193777779
İSTANBUL,BAĞCILAR,BAĞCILAR MERKEZ MAHALLESI,28.864619421428568,41.031592992857135
İSTANBUL,BAĞCILAR,100. YIL MAHALLESI,28.852620016176473,41.06359543823528
İSTANBUL,BAĞCILAR,15 TEMMUZ MAHALLESI,28.815678670689657,41.038428629310324
İSTANBUL,GAZIOSMANPAŞA,BAĞLARBAŞI MAHALLESI,28.914722063265298,41.065556414285716
İSTANBUL,GAZIOSMANPAŞA,BARBAROS HAYRETTIN PAŞA,28.892623019444443,41.07658989722222
İSTANBUL,GAZIOSMANPAŞA,FEVZI ÇAKMAK MAHALLESI,28.907621189090904,41.072748163636355
İSTANBUL,GAZIOSMANPAŞA,HÜRRIYET MAHALLESI,28.900816754716985,41.068113979245275
İSTANBUL,GAZIOSMANPAŞA,KARADENIZ MAHALLESI,28.884709428125,41.081761924999995
İSTANBUL,GAZIOSMANPAŞA,KARAYOLLARI MAHALLESI,28.90099414833333,41.084190123333336
İSTANBUL,GAZIOSMANPAŞA,KARLITEPE MAHALLESI,28.927255538461548,41.05743207948717
İSTANBUL,GAZIOSMANPAŞA,KAZIMKARABEKIR MAHALLESI,28.91118676538461,41.07855956153845
İSTANBUL,GAZIOSMANPAŞA,MERKEZ MAHALLESI,28.913447869841274,41.05733170476191
İSTANBUL,GAZIOSMANPAŞA,MEVLANA MAHALLESI,28.91406051794872,41.088102482051276
İSTANBUL,GAZIOSMANPAŞA,PAZARIÇI MAHALLESI,28.933982302631577,41.06022768421052
İSTANBUL,GAZIOSMANPAŞA,SARIGÖL MAHALLESI,28.919480241025642,41.059590026923075
İSTANBUL,GAZIOSMANPAŞA,ŞEMSIPAŞA MAHALLESI,28.90517192040816,41.06619513265306
İSTANBUL,GAZIOSMANPAŞA,YENIDOĞAN MAHALLESI,28.92347078205129,41.06203289230769
İSTANBUL,GAZIOSMANPAŞA,YENI MAHALLE,28.900363722222227,41.07795594074074
İSTANBUL,GAZIOSMANPAŞA,YILDIZTABYA MAHALLESI,28.92942052291667,41.065013077083336
İSTANBUL,GÜNGÖREN,SANAYI MAHALLESI,28.881122171153848,41.02141332307691
İSTANBUL,GÜNGÖREN,MEHMET NESIH ÖZMEN MAHALLESI,28.886854327027027,41.014204264864865
İSTANBUL,GÜNGÖREN,MAREŞAL ÇAKMAK MAHALLESI,28.86453428529412,41.01721048823529
İSTANBUL,GÜNGÖREN,HAZNEDAR MAHALLESI,28.86839774528301,41.01114686226414
İSTANBUL,GÜNGÖREN,GÜVEN MAHALLESI,28.873328721428578,41.01259677142857
İSTANBUL,GÜNGÖREN,GÜNGÖREN MERKEZ MAHALLESI,28.873157701666678,41.02262530666666
İSTANBUL,GÜNGÖREN,GÜNEŞTEPE MAHALLESI,28.865240763157903,41.02579004078947
İSTANBUL,GÜNGÖREN,GENÇOSMAN MAHALLESI,28.88145837604166,41.029816104166656
İSTANBUL,GÜNGÖREN,ABDURRAHMAN NAFIZ GÜRMAN MAHALLESI,28.888585628571438,41.00657931904762
İSTANBUL,ZEYTINBURNU,BEŞTELSIZ MAHALLESI,28.905343933898305,40.99899373898303
İSTANBUL,ZEYTINBURNU,ÇIRPICI MAHALLESI,28.8977496680851,40.9999080893617
İSTANBUL,ZEYTINBURNU,GÖKALP MAHALLESI,28.906419433333326,40.992393954166666
İSTANBUL,ZEYTINBURNU,KAZLIÇEŞME MAHALLESI,28.903471814720813,40.98584995532991
İSTANBUL,ZEYTINBURNU,MERKEZEFENDI MAHALLESI,28.915549653333333,41.01164104222223
İSTANBUL,ZEYTINBURNU,NURIPAŞA MAHALLESI,28.900416556410253,40.98698537948717
İSTANBUL,ZEYTINBURNU,SEYITNIZAM MAHALLESI,28.90833222881355,41.00658845084746
İSTANBUL,ZEYTINBURNU,SÜMER MAHALLESI,28.895985632608685,40.988598950000004
İSTANBUL,ZEYTINBURNU,VELIEFENDI MAHALLESI,28.898504988524593,40.996620593442614
İSTANBUL,ZEYTINBURNU,YENIDOĞAN MAHALLESI,28.906324821621627,40.989436781081075
İSTANBUL,ZEYTINBURNU,YEŞILTEPE MAHALLESI,28.900914822857143,40.992418114285705
İSTANBUL,ZEYTINBURNU,MALTEPE MAHALLESI,28.910118901265832,41.024353668354436
İSTANBUL,FATIH,HIRKA-I ŞERIF MAHALLESI,28.93884931538462,41.023358547692325
İSTANBUL,FATIH,AKSARAY MAHALLESI,28.94953143518519,41.00327017592593
İSTANBUL,FATIH,ATIKALI MAHALLESI,28.944929756140358,41.0254453140351
İSTANBUL,FATIH,AYVANSARAY MAHALLESI,28.943314890677964,41.0341889381356
İSTANBUL,FATIH,DERVIŞ ALI MAHALLESI,28.941838650000008,41.02965271363635
İSTANBUL,FATIH,KARAGÜMRÜK MAHALLESI,28.936227614999996,41.02585937
İSTANBUL,FATIH,KATIP KASIM MAHALLESI,28.95561685813953,41.00456304883721
İSTANBUL,FATIH,MUHSINE HATUN MAHALLESI,28.962485431645568,41.003174232911405
İSTANBUL,FATIH,NIŞANCA MAHALLESI,28.959797734523807,41.005646523809524
İSTANBUL,FATIH,ALI KUŞÇU MAHALLESI,28.949634200000002,41.021617638636364
İSTANBUL,FATIH,BALAT MAHALLESI,28.94841921824817,41.02892959197077
İSTANBUL,FATIH,YAVUZ SULTAN SELIM MAHALLESI,28.9541670114035,41.02671113684208
İSTANBUL,FATIH,AKŞEMSETTIN MAHALLESI,28.94465199565217,41.01817070652174
İSTANBUL,FATIH,İSKENDERPAŞA MAHALLESI,28.949907512727272,41.013197083636356
İSTANBUL,FATIH,MOLLA GÜRANI MAHALLESI,28.941668552173912,41.01352643043479
İSTANBUL,FATIH,TOPKAPI MAHALLESI,28.933322561999994,41.01760531000001
İSTANBUL,FATIH,HOBYAR MAHALLESI,28.97359443490566,41.01515283584905
İSTANBUL,FATIH,MOLLA FENARI,28.970768781690143,41.0102151112676
İSTANBUL,FATIH,SURURI MAHALLESI,28.97140053939393,41.01317032727273
İSTANBUL,FATIH,ALEMDAR MAHALLESI,28.97676844137931,41.00962337241381
İSTANBUL,FATIH,BINBIRDIREK MAHALLESI,28.973916452,41.00662602
İSTANBUL,FATIH,KÜÇÜK AYASOFYA MAHALLESI,28.971975984946244,41.004188301075274
İSTANBUL,FATIH,SULTAN AHMET MAHALLESI,28.978334568674697,41.00383675783132
İSTANBUL,FATIH,SEYYID ÖMER MAHALLESI,28.928471348717938,41.0086721923077
İSTANBUL,FATIH,SÜMBÜL EFENDI MAHALLESI,28.92620311649485,41.00164675979379
İSTANBUL,FATIH,CERRAHPAŞA MAHALLESI,28.939792976158934,41.00348402913908
İSTANBUL,FATIH,KOCA MUSTAFAPAŞA MAHALLESI,28.93155180571429,41.000214770476184
İSTANBUL,FATIH,HASEKI SULTAN MAHALLESI,28.942863842857147,41.008747604081634
İSTANBUL,FATIH,ŞEHREMINI MAHALLESI,28.929875150000004,41.01350245749999
İSTANBUL,FATIH,MEVLANAKAPI MAHALLESI,28.924954752777783,41.01161325416667
İSTANBUL,FATIH,BALABANAĞA MAHALLESI,28.960302012500005,41.0107282125
İSTANBUL,FATIH,KEMALPAŞA MAHALLESI,28.955383068181813,41.01114561818183
İSTANBUL,FATIH,MESIHPAŞA MAHALLESI,28.955368929032264,41.00854712580645
İSTANBUL,FATIH,MIMAR KEMALETTIN MAHALLESI,28.96023342777778,41.0081384847222
İSTANBUL,FATIH,MIMAR HAYRETTIN MAHALLESI,28.96672325227273,41.00664888409091
İSTANBUL,FATIH,SARAÇ İSHAK MAHALLESI,28.96306144864864,41.00644970540541
İSTANBUL,FATIH,HOCAPAŞA MAHALLESI,28.97971254649123,41.01468200789473
İSTANBUL,FATIH,HACI KADIN MAHALLESI,28.959952799999993,41.01829351333335
İSTANBUL,FATIH,HOCA GIYASETTIN MAHALLESI,28.961724498734178,41.01790324810126
İSTANBUL,FATIH,MOLLA HÜSREV MAHALLESI,28.959490852272726,41.01557487727273
İSTANBUL,FATIH,KALENDERHANE MAHALLESI,28.958745138461545,41.0135247923077
İSTANBUL,FATIH,SÜLEYMANIYE MAHALLESI,28.96501041666666,41.014735074999976
İSTANBUL,FATIH,CIBALI MAHALLESI,28.957680227659573,41.02291022234043
İSTANBUL,FATIH,ZEYREK MAHALLESI,28.954869944615382,41.01967374461539
İSTANBUL,FATIH,BEYAZIT MAHALLESI,28.967965894642855,41.01068921607141
İSTANBUL,FATIH,TAYA HATUN MAHALLESI,28.969244087755097,41.012381614285715
İSTANBUL,FATIH,RÜSTEMPAŞA MAHALLESI,28.970503072058822,41.016957288235304
İSTANBUL,FATIH,DEMIRTAŞ MAHALLESI,28.965018397916676,41.017945716666674
İSTANBUL,FATIH,SARIDEMIR MAHALLESI,28.965529832142856,41.01973546666665
İSTANBUL,FATIH,TAHTAKALE MAHALLESI,28.968451993478276,41.0162251652174
İSTANBUL,FATIH,YAVUZ SINAN MAHALLESI,28.962100359375,41.020737609375
İSTANBUL,FATIH,ŞEHSUVAR BEY MAHALLESI,28.96726077500001,41.004202589473685
İSTANBUL,FATIH,EMIN SINAN MAHALLESI,28.969671368,41.006378873999985
İSTANBUL,BEYOĞLU,KOCATEPE MAHALLESI,28.982688860000007,41.039683827999994
İSTANBUL,SARIYER,MERKEZ MAHALLESI,29.05271435307261,41.17162276703911
İSTANBUL,SARIYER,ÇAYIRBAŞI MAHALLESI,29.033720564788734,41.15902605492958
İSTANBUL,SARIYER,KOCATAŞ MAHALLESI,29.02760344818184,41.176644766363616
İSTANBUL,SARIYER,TARABYA MAHALLESI,29.05082070676925,41.13764302553847
İSTANBUL,SARIYER,KIREÇBURNU MAHALLESI,29.045658645238095,41.14746344523807
İSTANBUL,SARIYER,YENIKÖY MAHALLESI,29.061704829000004,41.12166502500002
İSTANBUL,SARIYER,KAZIM KARABEKIR PAŞA MAHALLESI,29.018219045185187,41.1733979474074
İSTANBUL,SARIYER,PTT EVLERI MAHALLESI,29.017668176515166,41.15544206439395
İSTANBUL,SARIYER,İSTINYE MAHALLESI,29.051613541538444,41.117111258461534
İSTANBUL,SARIYER,POLIGON MAHALLESI,29.04162880641027,41.116461583333326
İSTANBUL,SARIYER,BALTALIMANI MAHALLESI,29.046552886904774,41.096853634523825
İSTANBUL,SARIYER,EMIRGAN MAHALLESI,29.047742496491235,41.1044297748538
İSTANBUL,SARIYER,FATIH SULTAN MEHMET MAHALLESI,29.034939393137265,41.09648741960783
İSTANBUL,SARIYER,REŞITPAŞA MAHALLESI,29.03453500829269,41.104330977560984
İSTANBUL,SARIYER,PINAR MAHALLESI,29.030507980000007,41.114223885333345
İSTANBUL,SARIYER,HUZUR MAHALLESI,29.0018409240876,41.102159355474434
İSTANBUL,SARIYER,MASLAK MAHALLESI,29.012548238125003,41.12444747687499
İSTANBUL,KAĞITHANE,EMNIYETEVLERI MAHALLESI,29.003604380555558,41.086613375
İSTANBUL,KAĞITHANE,ORTABAYIR MAHALLESI,29.00317839827586,41.077555594827594
İSTANBUL,KAĞITHANE,MEHMET AKIF ERSOY MAHALLESI,28.956681264788738,41.05798812535212
İSTANBUL,KAĞITHANE,GÜRSEL MAHALLESI,28.972771709589043,41.071584126027425
İSTANBUL,KAĞITHANE,HAMIDIYE MAHALLESI,28.968804736842117,41.09854770460525
İSTANBUL,KAĞITHANE,HARMANTEPE MAHALLESI,28.991095680000015,41.08156423333334
İSTANBUL,KAĞITHANE,MERKEZ MAHALLESI,28.970073466101702,41.07934629265538
İSTANBUL,KAĞITHANE,NURTEPE MAHALLESI,28.962603420754718,41.07663843207546
İSTANBUL,KAĞITHANE,SULTAN SELIM MAHALLESI,28.99781708378378,41.09084149324324
İSTANBUL,KAĞITHANE,TALATPAŞA MAHALLESI,28.963506551785713,41.062836726785704
İSTANBUL,KAĞITHANE,TELSIZLER MAHALLESI,28.998229940384608,41.07782707692308
İSTANBUL,KAĞITHANE,YAHYA KEMAL MAHALLESI,28.986988654761905,41.085015471428584
İSTANBUL,KAĞITHANE,YEŞILCE MAHALLESI,29.000953342000006,41.09594294200001
İSTANBUL,ŞIŞLI,19 MAYIS MAHALLESI,28.992794870454535,41.059309613636344
İSTANBUL,ŞIŞLI,BOZKURT MAHALLESI,28.98421245,41.04964476
İSTANBUL,ŞIŞLI,DUATEPE MAHALLESI,28.98023266,41.053529039999994
İSTANBUL,ŞIŞLI,ERGENEKON MAHALLESI,28.98602133571428,41.04805272142857
İSTANBUL,ŞIŞLI,ESENTEPE MAHALLESI,29.005550201408447,41.07404067464788
İSTANBUL,ŞIŞLI,ESKIŞEHIR MAHALLESI,28.98063311111111,41.04425683333333
İSTANBUL,ŞIŞLI,FERIKÖY MAHALLESI,28.97724294054054,41.04796802162163
İSTANBUL,ŞIŞLI,FULYA MAHALLESI,28.99758574081634,41.061612328571435
İSTANBUL,ŞIŞLI,GÜLBAHAR MAHALLESI,28.99972436666666,41.072641455072464
İSTANBUL,ŞIŞLI,HALASKARGAZI MAHALLESI,28.988910685714284,41.051614578571424
İSTANBUL,ŞIŞLI,HALIDE EDIP ADIVAR MAHALLESI,28.976261496153846,41.060417907692305
İSTANBUL,ŞIŞLI,HALIL RIFAT PAŞA MAHALLESI,28.968151181578946,41.058117697368424
İSTANBUL,ŞIŞLI,İNÖNÜ MAHALLESI,28.983546877777776,41.04318006111111
İSTANBUL,ŞIŞLI,İZZETPAŞA MAHALLESI,28.98663822380952,41.07064728571428
İSTANBUL,ŞIŞLI,KAPTANPAŞA MAHALLESI,28.974445460606063,41.06554926060606
İSTANBUL,ŞIŞLI,MAHMUT ŞEVKET PAŞA MAHALLESI,28.96477952903226,41.05230227741936
İSTANBUL,ŞIŞLI,MERKEZ MAHALLESI,28.98406000851063,41.06282959361704
İSTANBUL,ŞIŞLI,MEŞRUTIYET MAHALLESI,28.991108199999996,41.055352265217394
İSTANBUL,ŞIŞLI,TEŞVIKIYE MAHALLESI,28.997066746875,41.051941068750004
İSTANBUL,ŞIŞLI,YAYLA MAHALLESI,28.975797529411764,41.04840064705883
İSTANBUL,ÜSKÜDAR,BAHÇELIEVLER MAHALLESI,29.080294794193545,41.05451221096774
İSTANBUL,ÜSKÜDAR,YAVUZTÜRK MAHALLESI,29.085698831137698,41.044196582634726
İSTANBUL,ÜSKÜDAR,GÜZELTEPE MAHALLESI,29.06900633055557,41.049427567592595
İSTANBUL,ÜSKÜDAR,KÜÇÜKSU MAHALLESI,29.07156971849316,41.066151025342464
İSTANBUL,ÜSKÜDAR,MEHMET AKIF ERSOY MAHALLESI,29.070091991869926,41.041215308130084
İSTANBUL,ÜSKÜDAR,FERAH MAHALLESI,29.070882021238937,41.03306189203539
İSTANBUL,ÜSKÜDAR,KIRAZLITEPE MAHALLESI,29.06178281449274,41.039092669565214
İSTANBUL,ÜSKÜDAR,KÜPLÜCE MAHALLESI,29.056575816417922,41.034884541044775
İSTANBUL,ÜSKÜDAR,ALTUNIZADE MAHALLESI,29.042990367883213,41.0178590021898
İSTANBUL,ÜSKÜDAR,ACIBADEM MAHALLESI,29.05199554736841,41.008134934210524
İSTANBUL,ÜSKÜDAR,KULELI MAHALLESI,29.058662646666658,41.05952884533333
İSTANBUL,ÜSKÜDAR,BURHANIYE MAHALLESI,29.053527792741942,41.03008143064515
İSTANBUL,ÜSKÜDAR,KÜÇÜK ÇAMLICA MAHALLESI,29.064053191089112,41.01656030297029
İSTANBUL,ÜSKÜDAR,ÇENGELKÖY MAHALLESI,29.06058409078949,41.05127619539474
İSTANBUL,ÜSKÜDAR,BEYLERBEYI MAHALLESI,29.04535691258741,41.04128092727273
İSTANBUL,ÜSKÜDAR,İCADIYE MAHALLESI,29.03448927945205,41.029109558904096
İSTANBUL,ÜSKÜDAR,KANDILLI MAHALLESI,29.061178990370372,41.068771110370356
İSTANBUL,ÜSKÜDAR,KUZGUNCUK MAHALLESI,29.033902712755104,41.034311635204105
İSTANBUL,ÜSKÜDAR,SELAMI ALI MAHALLESI,29.028025493750008,41.02537510416668
İSTANBUL,ÜSKÜDAR,MURATREIS MAHALLESI,29.028969274545457,41.02164816727272
İSTANBUL,ÜSKÜDAR,VALIDE-I ATIK MAHALLESI,29.027817132394368,41.01902486619718
İSTANBUL,ÜSKÜDAR,BARBAROS MAHALLESI,29.031746136134437,41.01216019579835
İSTANBUL,ÜSKÜDAR,ZEYNEP KAMIL MAHALLESI,29.02075137704918,41.015039713114746
İSTANBUL,ÜSKÜDAR,SULTANTEPE MAHALLESI,29.021336499999997,41.029813267532475
İSTANBUL,ÜSKÜDAR,MIMAR SINAN MAHALLESI,29.016455374626858,41.025261412686575
İSTANBUL,ÜSKÜDAR,AHMEDIYE MAHALLESI,29.01585766862744,41.018504186274505
İSTANBUL,ÜSKÜDAR,AZIZ MAHMUT HÜDAYI MAHALLESI,29.010995167088602,41.02253909746835
İSTANBUL,ÜSKÜDAR,SALACAK MAHALLESI,29.01021013821137,41.01776225691057
İSTANBUL,ÜSKÜDAR,SELIMIYE MAHALLESI,29.015521684545455,41.00757233818183
İSTANBUL,ÜSKÜDAR,CUMHURIYET MAHALLESI,29.081821439344264,41.01068580983609
İSTANBUL,ÜSKÜDAR,BULGURLU MAHALLESI,29.07869159885058,41.01870910574712
İSTANBUL,ÜSKÜDAR,KISIKLI MAHALLESI,29.070817194531262,41.026009514843736
İSTANBUL,ÜSKÜDAR,ÜNALAN MAHALLESI,29.067230958536584,41.00086528292683
İSTANBUL,ÜMRANIYE,CEMIL MERIÇ MAHALLESI,29.14494958113209,41.024074302515714
İSTANBUL,ÜMRANIYE,ALTINŞEHIR MAHALLESI,29.143395178205136,41.011547560256396
İSTANBUL,ÜMRANIYE,MEHMET AKIF MAHALLESI,29.13790398351649,41.007560338461545
İSTANBUL,ÜMRANIYE,TEPEÜSTÜ MAHALLESI,29.13221502873563,41.016679424137955
İSTANBUL,ÜMRANIYE,IHLAMURKUYU MAHALLESI,29.136860826804117,41.02297005463919
İSTANBUL,ÜMRANIYE,ÇAKMAK MAHALLESI,29.127803858163276,41.01515408979593
İSTANBUL,ÜMRANIYE,TATLISU MAHALLESI,29.13242063706897,41.0015538534483
İSTANBUL,ÜMRANIYE,ÇAMLIK MAHALLESI,29.125962708411212,41.00283603831776
İSTANBUL,ÜMRANIYE,SITE MAHALLESI,29.115141273809513,41.00891343214287
İSTANBUL,ÜMRANIYE,ARMAĞANEVLER MAHALLESI,29.112591389772728,41.01327888636364
İSTANBUL,ÜMRANIYE,FINANSKENT MAHALLESI,29.111869102898552,41.00385507681158
İSTANBUL,ÜMRANIYE,ATAKENT MAHALLESI,29.1056361625,41.015486390178566
İSTANBUL,ÜMRANIYE,YENIŞEHIR MAHALLESI,29.100272939726015,41.00858059863014
İSTANBUL,ÜMRANIYE,İSTIKLAL MAHALLESI,29.09980676153847,41.01789181748252
İSTANBUL,ÜMRANIYE,ESENEVLER MAHALLESI,29.091293548387096,41.01432060215055
İSTANBUL,ÜMRANIYE,FATIH SULTAN MEHMET MAHALLESI,29.128686606194698,41.0394714840708
İSTANBUL,ÜMRANIYE,NAMIK KEMAL MAHALLESI,29.090579220370365,41.02020916018519
İSTANBUL,ÜMRANIYE,YAMANEVLER MAHALLESI,29.104429301086952,41.02632755434782
İSTANBUL,ÜMRANIYE,ATATÜRK MAHALLESI,29.092786203225803,41.0265756655914
İSTANBUL,ÜMRANIYE,SARAY MAHALLESI,29.116013384761903,41.037060084761904
İSTANBUL,ÜMRANIYE,TANTAVI MAHALLESI,29.086998558666668,41.03114985866668
İSTANBUL,ÜMRANIYE,ELMALIKENT MAHALLESI,29.096537974774762,41.03778457747749
İSTANBUL,ÜMRANIYE,DUMLUPINAR MAHALLESI,29.09093500962963,41.05094465999999
İSTANBUL,ÜMRANIYE,İNKILAP MAHALLESI,29.110952248979597,41.04278911479591
İSTANBUL,ÜMRANIYE,KAZIM KARABEKIR MAHALLESI,29.105526676086946,41.04102117681159
İSTANBUL,ÜMRANIYE,TOPAĞACI MAHALLESI,29.098548904519774,41.05255083785309
İSTANBUL,ÜMRANIYE,HEKIMBAŞI MAHALLESI,29.095629885135125,41.06052950202704
İSTANBUL,ÜMRANIYE,PARSELLER MAHALLESI,29.154121470967755,41.029781692473136
İSTANBUL,ÜMRANIYE,ADEM YAVUZ MAHALLESI,29.15377595312498,41.02141697187499
İSTANBUL,ÜMRANIYE,HUZUR MAHALLESI,29.16145363033707,41.02829355955055
İSTANBUL,ÜMRANIYE,AŞAĞI DUDULLU MAHALLESI,29.164200810909072,41.024031908181804
İSTANBUL,ÜMRANIYE,NECIP FAZIL MAHALLESI,29.172903119512196,41.017455362195115
İSTANBUL,ÜMRANIYE,MADENLER MAHALLESI,29.184721946341465,41.01184462682928
İSTANBUL,ÜMRANIYE,ESENKENT MAHALLESI,29.181337119999988,40.99942213777777
İSTANBUL,ÜMRANIYE,ESENŞEHIR MAHALLESI,29.167230786904756,41.005627757142854
İSTANBUL,ÜMRANIYE,ŞERIFALI MAHALLESI,29.14688815507247,41.000834672463746
İSTANBUL,ÜMRANIYE,YUKARI DUDULLU MAHALLESI,29.154178938554224,41.01072782409638
İSTANBUL,BEYKOZ,BAKLACI MAHALLESI,29.12900072227723,41.06442900148515
İSTANBUL,BEYKOZ,ÇAMLIBAHÇE MAHALLESI,29.084161926027388,41.1482108
İSTANBUL,BEYKOZ,GÜMÜŞSUYU MAHALLESI,29.106734185714277,41.126030094155844
İSTANBUL,BEYKOZ,İNCIRKÖY MAHALLESI,29.115608499999993,41.120623143396216
İSTANBUL,BEYKOZ,MERKEZ MAHALLESI,29.104331012834226,41.135232994117644
İSTANBUL,BEYKOZ,ORTAÇEŞME MAHALLESI,29.09188932967032,41.14500962527473
İSTANBUL,BEYKOZ,SOĞUKSU MAHALLESI,29.108404238888898,41.112113087777786
İSTANBUL,BEYKOZ,YALIKÖY MAHALLESI,29.08392473582889,41.140813374331564
İSTANBUL,BEYKOZ,GÖKSU MAHALLESI,29.071640103571422,41.077750259523796
İSTANBUL,BEYKOZ,GÖZTEPE MAHALLESI,29.08591862422359,41.07950405590059
İSTANBUL,BEYKOZ,YENI MAHALLE,29.090472653333332,41.06780868857143
İSTANBUL,BEYKOZ,RÜZGARLIBAHÇE MAHALLESI,29.101950478321676,41.08964973006993
İSTANBUL,BEYKOZ,ANADOLU HISARI MAHALLESI,29.071426165476197,41.08569008571427
İSTANBUL,BEYKOZ,ÇUBUKLU MAHALLESI,29.084794692134825,41.10482508483144
İSTANBUL,BEYKOZ,ÇIĞDEM MAHALLESI,29.096953910077524,41.110756239534886
İSTANBUL,BEYKOZ,KAVACIK MAHALLESI,29.083526971900827,41.08871811404957
İSTANBUL,MALTEPE,BÜYÜKBAKKALKÖY MAHALLESI,29.18462379889092,40.956041262661685
İSTANBUL,KADIKÖY,MERDIVENKÖY MAHALLESI,29.070178341666676,40.986558033333345
İSTANBUL,KADIKÖY,GÖZTEPE MAHALLESI,29.06099207192982,40.9777914122807
İSTANBUL,KADIKÖY,DUMLUPINAR MAHALLESI,29.058908681578952,40.99265925526315
İSTANBUL,KADIKÖY,FENERYOLU MAHALLESI,29.0482581479452,40.982389702739724
İSTANBUL,KADIKÖY,FIKIRTEPE MAHALLESI,29.051309338983042,40.99447853728815
İSTANBUL,KADIKÖY,RASIMPAŞA MAHALLESI,29.02444835833334,40.99653971083335
İSTANBUL,KADIKÖY,SUADIYE MAHALLESI,29.079513129629643,40.959188952592605
İSTANBUL,KADIKÖY,KOZYATAĞI MAHALLESI,29.09537218783784,40.968254897297285
İSTANBUL,KADIKÖY,ZÜHTÜPAŞA MAHALLESI,29.037046499999995,40.985865382500016
İSTANBUL,KADIKÖY,ACIBADEM MAHALLESI,29.039782200900902,41.00250033063065
İSTANBUL,KADIKÖY,HASANPAŞA MAHALLESI,29.043768926086944,40.9962006804348
İSTANBUL,KADIKÖY,KOŞUYOLU MAHALLESI,29.033799136263745,41.006918548351656
İSTANBUL,ATAŞEHIR,YENIŞEHIR MAHALLESI,29.143754794642856,40.993247907142845
İSTANBUL,ATAŞEHIR,YENI ÇAMLICA MAHALLESI,29.162617454545455,40.99018896590909
İSTANBUL,ATAŞEHIR,ÖRNEK MAHALLESI,29.082521122807027,40.995878644736834
İSTANBUL,ATAŞEHIR,MUSTAFA KEMAL MAHALLESI,29.093763765882358,40.99971668941176
İSTANBUL,ATAŞEHIR,FETIH MAHALLESI,29.0765034,41.00228215909091
İSTANBUL,ATAŞEHIR,ESATPAŞA MAHALLESI,29.085392077333328,41.00167363066665
İSTANBUL,ATAŞEHIR,BARBAROS MAHALLESI,29.097442200000003,40.99264831544718
İSTANBUL,ATAŞEHIR,AŞIK VEYSEL MAHALLESI,29.090988051666663,41.00359359166668
İSTANBUL,ATAŞEHIR,FERHATPAŞA MAHALLESI,29.177888563225814,40.98061640903227
İSTANBUL,ATAŞEHIR,ATATÜRK MAHALLESI,29.12608753043479,40.98911489304347
İSTANBUL,KARTAL,YAKACIK ÇARŞI MAHALLESI,29.233139078644093,40.918898259660985
İSTANBUL,KARTAL,TOPSELVI MAHALESI,29.214094299019614,40.89691832647059
İSTANBUL,KARTAL,ORTA MAHALLE,29.207092001492544,40.91309308059703
İSTANBUL,KARTAL,GÜMÜŞPINAR MAHALLESI,29.208482208264456,40.92185251487604
İSTANBUL,KARTAL,HÜRRIYET MAHALLESI,29.234344246195654,40.903653171739144
İSTANBUL,KARTAL,UĞUR MUMCU MAHALLESI,29.215399737634403,40.933395278494615
İSTANBUL,KARTAL,YAKACIK YENI MAHALLE,29.223140917391298,40.923347928695655
İSTANBUL,ÇEKMEKÖY,SOĞUKPINAR MAHALLESI,29.235046022448984,41.02400734285714
İSTANBUL,ÇEKMEKÖY,NIŞANTEPE MAHALLESI,29.26940488849561,41.052383028318566
İSTANBUL,ÇEKMEKÖY,ÇATALMEŞE MAHALLESI,29.257408603773577,41.05902323301886
İSTANBUL,ÇEKMEKÖY,ALEMDAĞ MAHALLESI,29.23460593771428,41.05124150285715
İSTANBUL,ÇEKMEKÖY,EKŞIOĞLU MAHALLESI,29.240017240441194,41.03098940294119
İSTANBUL,ÇEKMEKÖY,MERKEZ MAHALLESI,29.170848282446833,41.03980740106382
İSTANBUL,ÇEKMEKÖY,MIMAR SINAN MAHALLESI,29.181919295726495,41.03255308888888
İSTANBUL,ÇEKMEKÖY,ÇAMLIK MAHALLESI,29.194479150704232,41.01848929014085
İSTANBUL,ÇEKMEKÖY,MEHMET AKIF MAHALLESI,29.186066969863003,41.01908147397261
İSTANBUL,ÇEKMEKÖY,TAŞDELEN MAHALLESI,29.231514933333337,41.033821910869584
İSTANBUL,TUZLA,AYDINTEPE MAHALLESI,29.301906641747557,40.856669323300956
İSTANBUL,TUZLA,EVLIYA ÇELEBI MAHALLESI,29.27649409021741,40.83848245108695
İSTANBUL,PENDIK,GÜZELYALI MAHALLESI,29.276337120370364,40.858875101851844
İSTANBUL,PENDIK,ORHANGAZI MAHALLESI,29.288934603571423,40.86758729464287
İSTANBUL,PENDIK,FATIH MAHALLESI,29.300599037735854,40.86743509056604
İSTANBUL,PENDIK,AHMET YESEVI MAHALLESI,29.307762676190475,40.86991680238095
İSTANBUL,PENDIK,KAYNARCA MAHALLESI,29.25888817094971,40.8634767642458
İSTANBUL,PENDIK,DOĞU MAHALLESI,29.240436304166664,40.87803121875
İSTANBUL,PENDIK,BATI MAHALLESI,29.229628557723565,40.87381116341464
İSTANBUL,PENDIK,SAPANBAĞLARI MAHALLESI,29.221367700000005,40.88547914843751
İSTANBUL,PENDIK,BAHÇELIEVLER MAHALLESI,29.235154510416663,40.885001941666665
İSTANBUL,PENDIK,YENI MAHALLE,29.228281893939393,40.885488119696994
İSTANBUL,PENDIK,ÇINARDERE MAHALLESI,29.242343786290323,40.89734897822579
İSTANBUL,PENDIK,ORTA MAHALLE,29.243103569999995,40.890344755
İSTANBUL,PENDIK,DUMLUPINAR MAHALLESI,29.250453429310344,40.89051027241379
İSTANBUL,PENDIK,FEVZI ÇAKMAK MAHALLESI,29.265142267647057,40.884620142647066
İSTANBUL,PENDIK,KAVAKPINAR MAHALLESI,29.281648080745338,40.879867898136645
İSTANBUL,PENDIK,ESENLER MAHALLESI,29.271869803597124,40.88785717625898
İSTANBUL,PENDIK,VELIBABA MAHALLESI,29.252040408641992,40.90723277530865
İSTANBUL,PENDIK,YAYALAR MAHALLESI,29.267274568656706,40.905595091044795
İSTANBUL,PENDIK,GÜLLÜ BAĞLAR MAHALLESI,29.274313393023263,40.89520954069767
İSTANBUL,PENDIK,RAMAZANOĞLU MAHALLESI,29.289738305454538,40.89353172090909
İSTANBUL,PENDIK,SANAYI MAHALLESI,29.311327264375016,40.899648776250004
İSTANBUL,PENDIK,SÜLÜNTEPE MAHALLESI,29.274998792105265,40.913846361842104
İSTANBUL,PENDIK,ERTUĞRUL GAZI MAHALLESI,29.261219068181827,40.91891067363637
İSTANBUL,PENDIK,ÇAMLIK MAHALLESI,29.281199869369377,40.92610728288288
İSTANBUL,ÇATALCA,FATIH MAHALLESI,28.199553050697244,41.476069681175375
İSTANBUL,ÇATALCA,ATATÜRK MAHALLESI,28.140104628761048,41.387960545575226
İSTANBUL,ÇATALCA,GÖKÇEALI MAHALLESI,28.434893948969076,41.20742264432988
İSTANBUL,ÇATALCA,OVAYENICE MAHALLESI,28.420254366233756,41.1058256121212
İSTANBUL,ÇATALCA,ÇAKIL MAHALLESI,28.447115395528453,41.105566446747986
İSTANBUL,ÇATALCA,İZZETTIN MAHALLESI,28.510538381446555,41.18065077201257
İSTANBUL,ÇATALCA,KALEIÇI MAHALLESI,28.43959230905172,41.165880022844796
İSTANBUL,ÇATALCA,FERHATPAŞA MAHALLESI,28.500617706818183,41.12826544886363
İSTANBUL,ÇATALCA,BAHŞAYIŞ MAHALLESI,28.5510480439394,41.11516068787876
İSTANBUL,ÇATALCA,MURATBEY MERKEZ MAHALLESI,28.49569715097088,41.081616322330085
İSTANBUL,SILIVRI,SANCAKTEPE MAHALLESI,28.09279450507813,41.11405177070315
İSTANBUL,SILIVRI,BÜYÜKKILIÇLI MAHALLESI,28.181955272010207,41.18506499287534
İSTANBUL,SILIVRI,BALABAN MAHALLESI,28.068249219153245,41.127423478629034
İSTANBUL,SILIVRI,İSMETPAŞA MAHALLESI,28.023911495348838,41.12271622651164
İSTANBUL,SILIVRI,FEVZIPAŞA MAHALLESI,27.994050651162798,41.090712188953475
İSTANBUL,BÜYÜKÇEKMECE,CUMHURIYET MAHALLESI,28.61534361259261,41.02131204666666
İSTANBUL,BÜYÜKÇEKMECE,ATATÜRK MAHALLESI,28.604264277570092,41.0129340130841
İSTANBUL,BÜYÜKÇEKMECE,FATIH MAHALLESI,28.59341355786518,41.02103555674155
İSTANBUL,BÜYÜKÇEKMECE,PINARTEPE MAHALLESI,28.608168530061338,41.002862561963184
İSTANBUL,BÜYÜKÇEKMECE,DIZDARIYE MAHALLESI,28.578310319148937,41.02501927606382
İSTANBUL,BÜYÜKÇEKMECE,19 MAYIS MAHALLESI,28.594023644017085,41.03607879615388
İSTANBUL,BÜYÜKÇEKMECE,ÇAKMAKLI MAHALLESI,28.61331749333333,41.04756130666665
İSTANBUL,BÜYÜKÇEKMECE,ALKENT 2000 MAHALLESI,28.60297882301588,41.072533752380956
İSTANBUL,BÜYÜKÇEKMECE,KARAAĞAÇ MAHALLESI,28.582905469348653,41.0915417340996
İSTANBUL,BÜYÜKÇEKMECE,HÜRRIYET MAHALLESI,28.531698173333325,41.04547539076925
İSTANBUL,BÜYÜKÇEKMECE,ULUS MAHALLESI,28.549394178481027,41.044409436286905
İSTANBUL,BÜYÜKÇEKMECE,MIMAROBA MAHALLESI,28.537732083908043,41.003340219540235
İSTANBUL,BÜYÜKÇEKMECE,MURAT ÇEŞME MAHALLESI,28.538255307777792,41.018849154444446
İSTANBUL,BÜYÜKÇEKMECE,MIMAR SINAN MERKEZ MAHALLESI,28.56174038059701,41.01852935634332
İSTANBUL,BÜYÜKÇEKMECE,GÜZELCE MAHALLESI,28.51656850172412,41.00621383908046
İSTANBUL,BÜYÜKÇEKMECE,TÜRKOBA MAHALLESI,28.512788581052632,41.04253811
İSTANBUL,BÜYÜKÇEKMECE,BAHÇELIEVLER MAHALLESI,28.488367490259744,41.02770589285714
İSTANBUL,BÜYÜKÇEKMECE,CELALIYE MAHALLESI,28.41486994035088,41.05919391228072
İSTANBUL,BÜYÜKÇEKMECE,AHMEDIYE MAHALLESI,28.522319261538467,41.08836541188815
