mahalle,ilce,vs30_mosaic
BURGAZADA MAHALLESI,ADALAR,600.00000
HEYBELIADA MAHALLESI,ADALAR,286.00000
KINALIADA MAHALLESI,ADALAR,344.00000
MADEN MAHALLESI,ADALAR,433.00000
NIZAM MAHALLESI,ADALAR,498.00000
ADNAN MENDERES MAHALLESI,ARNAVUTKOY,407.00000
ANADOLU MAHALLESI,ARNAVUTKOY,478.00000
ARNAVUTKOY MERKEZ MAHALLESI,ARNAVUTKOY,447.00000
ATATURK MAHALLESI,ARNAVUTKOY,447.00000
BAKLALI MAHALLESI,ARNAVUTKOY,379.00000
BALABAN MAHALLESI,ARNAVUTKOY,357.00000
BOGAZKOY ISTIKLAL MAHALLESI,ARNAVUTKOY,293.00000
BOLLUCA MAHALLESI,ARNAVUTKOY,292.00000
BOYALIK MAHALLESI,ARNAVUTKOY,338.00000
CILINGIR MAHALLESI,ARNAVUTKOY,458.00000
DELIKLIKAYA MAHALLESI,ARNAVUTKOY,484.00000
DURSUNKOY MAHALLESI,ARNAVUTKOY,495.00000
DURUSU MAHALLESI,ARNAVUTKOY,269.00000
FATIH MAHALLESI,ARNAVUTKOY,423.00000
HACIMASLI MAHALLESI,ARNAVUTKOY,392.00000
HADIMKOY MAHALLESI,ARNAVUTKOY,420.00000
HARACCI MAHALLESI,ARNAVUTKOY,338.00000
HASTANE MAHALLESI,ARNAVUTKOY,299.00000
HICRET MAHALLESI,ARNAVUTKOY,297.00000
IMRAHOR MAHALLESI,ARNAVUTKOY,310.00000
ISLAMBEY MAHALLESI,ARNAVUTKOY,484.00000
KARABURUN MAHALLESI,ARNAVUTKOY,600.00000
KARLIBAYIR MAHALLESI,ARNAVUTKOY,410.00000
MARESAL FEVZI CAKMAK MAHALLESI,ARNAVUTKOY,336.00000
MAVIGOL MAHALLESI,ARNAVUTKOY,384.00000
MEHMET AKIF ERSOY MAHALLESI,ARNAVUTKOY,416.00000
MUSTAFA KEMAL PASA MAHALLESI,ARNAVUTKOY,411.00000
NENEHATUN MAHALLESI,ARNAVUTKOY,412.00000
OMERLI MAHALLESI,ARNAVUTKOY,382.00000
SAZLIBOSNA MAHALLESI,ARNAVUTKOY,460.00000
TASOLUK MAHALLESI,ARNAVUTKOY,418.00000
TAYAKADIN MAHALLESI,ARNAVUTKOY,402.00000
TERKOS MAHALLESI,ARNAVUTKOY,269.00000
YASSIOREN MAHALLESI,ARNAVUTKOY,312.00000
YAVUZ SELIM MAHALLESI,ARNAVUTKOY,478.00000
YENIKOY MAHALLESI,ARNAVUTKOY,457.00000
YESILBAYIR MAHALLESI,ARNAVUTKOY,480.00000
YUNUS EMRE MAHALLESI,ARNAVUTKOY,498.00000
ASIKVEYSEL MAHALLESI,ATASEHIR,446.00000
ATATURK MAHALLESI,ATASEHIR,346.00000
BARBAROS MAHALLESI,ATASEHIR,347.00000
ESATPASA MAHALLESI,ATASEHIR,466.00000
FERHATPASA MAHALLESI,ATASEHIR,436.00000
FETIH MAHALLESI,ATASEHIR,447.00000
ICERENKOY MAHALLESI,ATASEHIR,339.00000
INONU MAHALLESI,ATASEHIR,438.00000
KAYISDAGI MAHALLESI,ATASEHIR,416.00000
KUCUKBAKKALKOY MAHALLESI,ATASEHIR,407.00000
MEVLANA MAHALLESI,ATASEHIR,416.00000
MIMAR SINAN MAHALLESI,ATASEHIR,520.00000
MUSTAFA KEMAL MAHALLESI,ATASEHIR,332.00000
ORNEK MAHALLESI,ATASEHIR,297.00000
YENI CAMLICA MAHALLESI,ATASEHIR,387.00000
YENISAHRA MAHALLESI,ATASEHIR,374.00000
YENISEHIR MAHALLESI,ATASEHIR,338.00000
AMBARLI MAHALLESI,AVCILAR,469.00000
CIHANGIR MAHALLESI,AVCILAR,545.00000
DENIZKOSKLER MAHALLESI,AVCILAR,435.00000
FIRUZKOY MAHALLESI,AVCILAR,600.00000
GUMUSPALA MAHALLESI,AVCILAR,454.00000
MERKEZ MAHALLESI,AVCILAR,434.00000
MUSTAFA KEMALPASA MAHALLESI,AVCILAR,294.00000
TAHTAKALE MAHALLESI,AVCILAR,322.00000
UNIVERSITE MAHALLESI,AVCILAR,600.00000
YESILKENT MAHALLESI,AVCILAR,483.00000
100. YIL MAHALLESI,BAGCILAR,383.00000
BAGLAR MAHALLESI,BAGCILAR,454.00000
BARBAROS MAHALLESI,BAGCILAR,421.00000
CINAR MAHALLESI,BAGCILAR,373.00000
DEMIRKAPI MAHALLESI,BAGCILAR,443.00000
15 TEMMUZ MAHALLESI,BAGCILAR,457.00000
FATIH MAHALLESI,BAGCILAR,443.00000
FEVZI CAKMAK MAHALLESI,BAGCILAR,341.00000
GOZTEPE MAHALLESI,BAGCILAR,403.00000
GUNESLI MAHALLESI,BAGCILAR,440.00000
HURRIYET MAHALLESI,BAGCILAR,336.00000
INONU MAHALLESI,BAGCILAR,336.00000
KAZIM KARABEKIR MAHALLESI,BAGCILAR,421.00000
KEMALPASA MAHALLESI,BAGCILAR,317.00000
KIRAZLI MAHALLESI,BAGCILAR,409.00000
MAHMUTBEY MAHALLESI,BAGCILAR,450.00000
MERKEZ MAHALLESI,BAGCILAR,373.00000
SANCAKTEPE MAHALLESI,BAGCILAR,341.00000
YAVUZ SELIM MAHALLESI,BAGCILAR,378.00000
YENIGUN MAHALLESI,BAGCILAR,402.00000
YENIMAHALLE MAHALLESI,BAGCILAR,418.00000
YILDIZTEPE MAHALLESI,BAGCILAR,402.00000
BAHCELIEVLER MAHALLESI,BAHCELIEVLER,376.00000
CUMHURIYET MAHALLESI,BAHCELIEVLER,407.00000
COBANCESME MAHALLESI,BAHCELIEVLER,439.00000
FEVZI CAKMAK MAHALLESI,BAHCELIEVLER,411.00000
HURRIYET MAHALLESI,BAHCELIEVLER,320.00000
KOCASINAN MERKEZ MAHALLESI,BAHCELIEVLER,420.00000
SIYAVUSPASA MAHALLESI,BAHCELIEVLER,405.00000
SOGANLI MAHALLESI,BAHCELIEVLER,401.00000
SIRINEVLER MAHALLESI,BAHCELIEVLER,382.00000
YENIBOSNA MERKEZ MAHALLESI,BAHCELIEVLER,429.00000
ZAFER MAHALLESI,BAHCELIEVLER,418.00000
ATAKOY 1. KISIM MAHALLESI,BAKIRKOY,330.00000
ATAKOY 2-5-6. KISIM MAHALLESI,BAKIRKOY,272.00000
ATAKOY 3-4-11. KISIM MAHALLESI,BAKIRKOY,347.00000
ATAKOY 7-8-9-10. KISIM MAHALLESI,BAKIRKOY,275.00000
BASINKOY MAHALLESI,BAKIRKOY,435.00000
CEVIZLIK MAHALLESI,BAKIRKOY,345.00000
KARTALTEPE MAHALLESI,BAKIRKOY,354.00000
OSMANIYE MAHALLESI,BAKIRKOY,359.00000
SAKIZAGACI MAHALLESI,BAKIRKOY,302.00000
SENLIKKOY MAHALLESI,BAKIRKOY,352.00000
YENIMAHALLE MAHALLESI,BAKIRKOY,354.00000
YESILKOY MAHALLESI,BAKIRKOY,296.00000
YESILYURT MAHALLESI,BAKIRKOY,337.00000
ZEYTINLIK MAHALLESI,BAKIRKOY,345.00000
ZUHURATBABA MAHALLESI,BAKIRKOY,369.00000
ALTINSEHIR MAHALLESI,BASAKSEHIR,477.00000
BAHCESEHIR 1. KISIM MAHALLESI,BASAKSEHIR,529.00000
BAHCESEHIR 2. KISIM MAHALLESI,BASAKSEHIR,553.00000
BASAK MAHALLESI,BASAKSEHIR,391.00000
BASAKSEHIR MAHALLESI,BASAKSEHIR,415.00000
GUVERCINTEPE MAHALLESI,BASAKSEHIR,412.00000
KAYABASI MAHALLESI,BASAKSEHIR,364.00000
SAHINTEPE MAHALLESI,BASAKSEHIR,619.00000
SAMLAR MAHALLESI,BASAKSEHIR,537.00000
ZIYA GOKALP MAHALLESI,BASAKSEHIR,340.00000
ALTINTEPSI MAHALLESI,BAYRAMPASA,411.00000
CEVATPASA MAHALLESI,BAYRAMPASA,320.00000
ISMET PASA MAHALLESI,BAYRAMPASA,391.00000
KARTALTEPE MAHALLESI,BAYRAMPASA,357.00000
KOCATEPE MAHALLESI,BAYRAMPASA,373.00000
MURATPASA MAHALLESI,BAYRAMPASA,347.00000
ORTAMAHALLE MAHALLESI,BAYRAMPASA,329.00000
TERAZIDERE MAHALLESI,BAYRAMPASA,331.00000
VATAN MAHALLESI,BAYRAMPASA,403.00000
YENIDOGAN MAHALLESI,BAYRAMPASA,385.00000
YILDIRIM MAHALLESI,BAYRAMPASA,374.00000
ABBASAGA MAHALLESI,BESIKTAS,483.00000
AKAT MAHALLESI,BESIKTAS,418.00000
ARNAVUTKOY MAHALLESI,BESIKTAS,582.00000
BALMUMCU MAHALLESI,BESIKTAS,457.00000
BEBEK MAHALLESI,BESIKTAS,646.00000
CIHANNUMA MAHALLESI,BESIKTAS,483.00000
DIKILITAS MAHALLESI,BESIKTAS,411.00000
ETILER MAHALLESI,BESIKTAS,430.00000
GAYRETTEPE MAHALLESI,BESIKTAS,312.00000
KONAKLAR MAHALLESI,BESIKTAS,432.00000
KURUCESME MAHALLESI,BESIKTAS,545.00000
KULTUR MAHALLESI,BESIKTAS,516.00000
LEVAZIM MAHALLESI,BESIKTAS,412.00000
LEVENT MAHALLESI,BESIKTAS,370.00000
MECIDIYE MAHALLESI,BESIKTAS,487.00000
MURADIYE MAHALLESI,BESIKTAS,462.00000
NISBETIYE MAHALLESI,BESIKTAS,274.00000
ORTAKOY MAHALLESI,BESIKTAS,487.00000
SINANPASA MAHALLESI,BESIKTAS,440.00000
TURKALI MAHALLESI,BESIKTAS,462.00000
ULUS MAHALLESI,BESIKTAS,444.00000
VISNEZADE MAHALLESI,BESIKTAS,474.00000
YILDIZ MAHALLESI,BESIKTAS,473.00000
ACARLAR MAHALLESI,BEYKOZ,516.00000
AKBABA MAHALLESI,BEYKOZ,354.00000
ALIBAHADIR MAHALLESI,BEYKOZ,485.00000
ANADOLU FENERI MAHALLESI,BEYKOZ,401.00000
ANADOLU HISARI MAHALLESI,BEYKOZ,414.00000
ANADOLU KAVAGI MAHALLESI,BEYKOZ,688.00000
BAKLACI MAHALLESI,BEYKOZ,271.00000
BOZHANE MAHALLESI,BEYKOZ,490.00000
CUMHURIYET MAHALLESI,BEYKOZ,330.00000
CAMLIBAHCE MAHALLESI,BEYKOZ,480.00000
CENGELDERE MAHALLESI,BEYKOZ,344.00000
CIFTLIK MAHALLESI,BEYKOZ,389.00000
CIGDEM MAHALLESI,BEYKOZ,449.00000
CUBUKLU MAHALLESI,BEYKOZ,469.00000
DERESEKI MAHALLESI,BEYKOZ,501.00000
ELMALI MAHALLESI,BEYKOZ,539.00000
FATIH MAHALLESI,BEYKOZ,452.00000
GOKSU MAHALLESI,BEYKOZ,369.00000
GOLLU MAHALLESI,BEYKOZ,378.00000
GORELE MAHALLESI,BEYKOZ,445.00000
GOZTEPE MAHALLESI,BEYKOZ,398.00000
GUMUSSUYU MAHALLESI,BEYKOZ,626.00000
INCIRKOY MAHALLESI,BEYKOZ,476.00000
ISHAKLI MAHALLESI,BEYKOZ,524.00000
KANLICA MAHALLESI,BEYKOZ,525.00000
KAVACIK MAHALLESI,BEYKOZ,306.00000
KAYNARCA MAHALLESI,BEYKOZ,334.00000
KILICLI MAHALLESI,BEYKOZ,484.00000
MAHMUTSEVKETPASA MAHALLESI,BEYKOZ,356.00000
MERKEZ MAHALLESI,BEYKOZ,529.00000
ORTACESME MAHALLESI,BEYKOZ,417.00000
OGUMCE MAHALLESI,BEYKOZ,553.00000
ORNEKKOY MAHALLESI,BEYKOZ,454.00000
PASABAHCE MAHALLESI,BEYKOZ,600.00000
PASAMANDIRA MAHALLESI,BEYKOZ,390.00000
POLONEZKOY MAHALLESI,BEYKOZ,530.00000
POYRAZKOY MAHALLESI,BEYKOZ,600.00000
RIVA MAHALLESI,BEYKOZ,433.00000
RUZGARLIBAHCE MAHALLESI,BEYKOZ,434.00000
SOGUKSU MAHALLESI,BEYKOZ,460.00000
TOKATKOY MAHALLESI,BEYKOZ,391.00000
YALIKOY MAHALLESI,BEYKOZ,439.00000
YAVUZ SELIM MAHALLESI,BEYKOZ,534.00000
YENI MAHALLE MAHALLESI,BEYKOZ,440.00000
ZERZAVATCI MAHALLESI,BEYKOZ,447.00000
ADNAN KAHVECI MAHALLESI,BEYLIKDUZU,406.00000
BARIS MAHALLESI,BEYLIKDUZU,416.00000
BUYUKSEHIR MAHALLESI,BEYLIKDUZU,397.00000
CUMHURIYET MAHALLESI,BEYLIKDUZU,397.00000
DEREAGZI MAHALLESI,BEYLIKDUZU,471.00000
GURPINAR MAHALLESI,BEYLIKDUZU,488.00000
KAVAKLI MAHALLESI,BEYLIKDUZU,468.00000
MARMARA MAHALLESI,BEYLIKDUZU,524.00000
SAHIL MAHALLESI,BEYLIKDUZU,472.00000
YAKUPLU MAHALLESI,BEYLIKDUZU,433.00000
ARAP CAMI MAHALLESI,BEYOGLU,313.00000
ASMALI MESCIT MAHALLESI,BEYOGLU,419.00000
BEDRETTIN MAHALLESI,BEYOGLU,294.00000
BEREKETZADE MAHALLESI,BEYOGLU,313.00000
BOSTAN MAHALLESI,BEYOGLU,432.00000
BULBUL MAHALLESI,BEYOGLU,390.00000
CAMIIKEBIR MAHALLESI,BEYOGLU,367.00000
CIHANGIR MAHALLESI,BEYOGLU,461.00000
CATMA MESCIT MAHALLESI,BEYOGLU,419.00000
CUKUR MAHALLESI,BEYOGLU,419.00000
EMEKYEMEZ MAHALLESI,BEYOGLU,294.00000
EVLIYA CELEBI MAHALLESI,BEYOGLU,419.00000
FETIHTEPE MAHALLESI,BEYOGLU,385.00000
FIRUZAGA MAHALLESI,BEYOGLU,461.00000
GUMUSSUYU MAHALLESI,BEYOGLU,495.00000
HACIAHMET MAHALLESI,BEYOGLU,432.00000
HACIMIMI MAHALLESI,BEYOGLU,313.00000
HALICIOGLU MAHALLESI,BEYOGLU,525.00000
HUSEYINAGA MAHALLESI,BEYOGLU,419.00000
ISTIKLAL MAHALLESI,BEYOGLU,401.00000
KADI MEHMET EFENDI MAHALLESI,BEYOGLU,420.00000
KALYONCU KULLUGU MAHALLESI,BEYOGLU,419.00000
KAMER HATUN MAHALLESI,BEYOGLU,419.00000
KAPTANPASA MAHALLESI,BEYOGLU,401.00000
KATIP MUSTAFA CELEBI MAHALLESI,BEYOGLU,461.00000
KECECI PIRI MAHALLESI,BEYOGLU,474.00000
KEMANKES KARA MUSTAFA PASA MAHALLESI,BEYOGLU,313.00000
KILICALI PASA MAHALLESI,BEYOGLU,418.00000
KOCATEPE MAHALLESI,BEYOGLU,390.00000
KULAKSIZ MAHALLESI,BEYOGLU,474.00000
KULOGLU MAHALLESI,BEYOGLU,461.00000
KUCUK PIYALE MAHALLESI,BEYOGLU,420.00000
MUEYYETZADE MAHALLESI,BEYOGLU,313.00000
OMER AVNI MAHALLESI,BEYOGLU,495.00000
ORNEKTEPE MAHALLESI,BEYOGLU,472.00000
PIRIPASA MAHALLESI,BEYOGLU,428.00000
PIYALEPASA MAHALLESI,BEYOGLU,416.00000
PURTELAS HASAN EFENDI MAHALLESI,BEYOGLU,495.00000
SURURI MEHMET EFENDI MAHALLESI,BEYOGLU,419.00000
SUTLUCE MAHALLESI,BEYOGLU,377.00000
SAHKULU MAHALLESI,BEYOGLU,313.00000
SEHIT MUHTAR MAHALLESI,BEYOGLU,461.00000
TOMTOM MAHALLESI,BEYOGLU,419.00000
YAHYA KAHYA MAHALLESI,BEYOGLU,419.00000
YENISEHIR MAHALLESI,BEYOGLU,432.00000
19 MAYIS MAHALLESI,BUYUKCEKMECE,600.00000
AHMEDIYE MAHALLESI,BUYUKCEKMECE,385.00000
ALKENT 2000 MAHALLESI,BUYUKCEKMECE,484.00000
ATATURK MAHALLESI,BUYUKCEKMECE,561.00000
BAHCELIEVLER MAHALLESI,BUYUKCEKMECE,480.00000
CELALIYE MAHALLESI,BUYUKCEKMECE,518.00000
CUMHURIYET MAHALLESI,BUYUKCEKMECE,594.00000
CAKMAKLI MAHALLESI,BUYUKCEKMECE,533.00000
DIZDARIYE MAHALLESI,BUYUKCEKMECE,600.00000
EKINOBA MAHALLESI,BUYUKCEKMECE,442.00000
FATIH MAHALLESI,BUYUKCEKMECE,374.00000
GUZELCE MAHALLESI,BUYUKCEKMECE,341.00000
HURRIYET MAHALLESI,BUYUKCEKMECE,467.00000
KAMILOBA MAHALLESI,BUYUKCEKMECE,577.00000
KARAAGAC MAHALLESI,BUYUKCEKMECE,449.00000
KUMBURGAZ MAHALLESI,BUYUKCEKMECE,529.00000
MIMAR SINAN MERKEZ MAHALLESI,BUYUKCEKMECE,394.00000
MIMAROBA MAHALLESI,BUYUKCEKMECE,424.00000
MURAT CESME MAHALLESI,BUYUKCEKMECE,452.00000
PINARTEPE MAHALLESI,BUYUKCEKMECE,571.00000
SINANOBA MAHALLESI,BUYUKCEKMECE,424.00000
TURKOBA MAHALLESI,BUYUKCEKMECE,445.00000
ULUS MAHALLESI,BUYUKCEKMECE,341.00000
YENIMAHALLE MAHALLESI,BUYUKCEKMECE,571.00000
AKALAN MAHALLESI,CATALCA,472.00000
ATATURK MAHALLESI,CATALCA,402.00000
AYDINLAR MAHALLESI,CATALCA,275.00000
BAHSAYIS MAHALLESI,CATALCA,334.00000
BASAK MAHALLESI,CATALCA,391.00000
BELGRAT MAHALLESI,CATALCA,385.00000
CELEPKOY MAHALLESI,CATALCA,412.00000
CAKIL MAHALLESI,CATALCA,573.00000
CANAKCA MAHALLESI,CATALCA,548.00000
CIFTLIKKOY MAHALLESI,CATALCA,503.00000
DAGYENICE MAHALLESI,CATALCA,370.00000
ELBASAN MAHALLESI,CATALCA,451.00000
FATIH MAHALLESI,CATALCA,365.00000
FERHATPASA MAHALLESI,CATALCA,630.00000
GOKCEALI MAHALLESI,CATALCA,383.00000
GUMUSPINAR MAHALLESI,CATALCA,444.00000
HALLACLI MAHALLESI,CATALCA,372.00000
HISARBEYLI MAHALLESI,CATALCA,400.00000
IHSANIYE MAHALLESI,CATALCA,433.00000
INCEGIZ MAHALLESI,CATALCA,535.00000
IZZETTIN MAHALLESI,CATALCA,339.00000
KABAKCA MAHALLESI,CATALCA,380.00000
KALEICI MAHALLESI,CATALCA,715.00000
KALFA MAHALLESI,CATALCA,425.00000
KARACAKOY MERKEZ MAHALLESI,CATALCA,286.00000
KARAMANDERE MAHALLESI,CATALCA,552.00000
KESTANELIK MAHALLESI,CATALCA,565.00000
KIZILCAALI MAHALLESI,CATALCA,399.00000
MURATBEY MERKEZ MAHALLESI,CATALCA,599.00000
NAKKAS MAHALLESI,CATALCA,440.00000
OKLALI MAHALLESI,CATALCA,453.00000
ORMANLI MAHALLESI,CATALCA,335.00000
OVAYENICE MAHALLESI,CATALCA,357.00000
ORCUNLU MAHALLESI,CATALCA,432.00000
ORENCIK MAHALLESI,CATALCA,468.00000
SUBASI MAHALLESI,CATALCA,473.00000
YALIKOY MAHALLESI,CATALCA,461.00000
YAYLACIK MAHALLESI,CATALCA,323.00000
YAZLIK MAHALLESI,CATALCA,436.00000
ALEMDAG MAHALLESI,CEKMEKOY,547.00000
AYDINLAR MAHALLESI,CEKMEKOY,294.00000
CUMHURIYET MAHALLESI,CEKMEKOY,337.00000
CAMLIK MAHALLESI,CEKMEKOY,340.00000
CATALMESE MAHALLESI,CEKMEKOY,349.00000
EKSIOGLU MAHALLESI,CEKMEKOY,393.00000
GUNGOREN MAHALLESI,CEKMEKOY,381.00000
HAMIDIYE MAHALLESI,CEKMEKOY,333.00000
HUSEYINLI MAHALLESI,CEKMEKOY,272.00000
KIRAZLIDERE MAHALLESI,CEKMEKOY,324.00000
KOCULLU MAHALLESI,CEKMEKOY,482.00000
MEHMET AKIF MAHALLESI,CEKMEKOY,313.00000
MERKEZ MAHALLESI,CEKMEKOY,436.00000
MIMAR SINAN MAHALLESI,CEKMEKOY,410.00000
NISANTEPE MAHALLESI,CEKMEKOY,386.00000
OMERLI MAHALLESI,CEKMEKOY,465.00000
RESADIYE MAHALLESI,CEKMEKOY,427.00000
SIRAPINAR MAHALLESI,CEKMEKOY,478.00000
SOGUKPINAR MAHALLESI,CEKMEKOY,286.00000
SULTANCIFTLIGI MAHALLESI,CEKMEKOY,443.00000
TASDELEN MAHALLESI,CEKMEKOY,375.00000
BIRLIK MAHALLESI,ESENLER,297.00000
CIFTE HAVUZLAR MAHALLESI,ESENLER,277.00000
DAVUTPASA MAHALLESI,ESENLER,289.00000
FATIH MAHALLESI,ESENLER,363.00000
FEVZI CAKMAK MAHALLESI,ESENLER,310.00000
ATISALANI MAHALLESI,ESENLER,384.00000
KAZIM KARABEKIR MAHALLESI,ESENLER,325.00000
KEMER MAHALLESI,ESENLER,359.00000
MENDERES MAHALLESI,ESENLER,325.00000
MIMAR SINAN MAHALLESI,ESENLER,311.00000
NAMIK KEMAL MAHALLESI,ESENLER,331.00000
NINE HATUN MAHALLESI,ESENLER,330.00000
ORUCREIS MAHALLESI,ESENLER,328.00000
TUNA MAHALLESI,ESENLER,299.00000
TURGUT REIS MAHALLESI,ESENLER,384.00000
YAVUZ SELIM MAHALLESI,ESENLER,289.00000
AKCABURGAZ MAHALLESI,ESENYURT,433.00000
AKEVLER MAHALLESI,ESENYURT,388.00000
AKSEMSEDDIN MAHALLESI,ESENYURT,373.00000
ARDICLI MAHALLESI,ESENYURT,510.00000
ASIK VEYSEL MAHALLESI,ESENYURT,440.00000
ATATURK MAHALLESI,ESENYURT,427.00000
BAGLARCESME MAHALLESI,ESENYURT,468.00000
BALIKYOLU MAHALLESI,ESENYURT,513.00000
BARBAROS HAYRETTIN PASA MAHALLESI,ESENYURT,393.00000
BATTALGAZI MAHALLESI,ESENYURT,379.00000
CUMHURIYET MAHALLESI,ESENYURT,493.00000
CINAR MAHALLESI,ESENYURT,452.00000
ESENKENT MAHALLESI,ESENYURT,519.00000
FATIH MAHALLESI,ESENYURT,468.00000
GOKEVLER MAHALLESI,ESENYURT,419.00000
GUZELYURT MAHALLESI,ESENYURT,421.00000
HURRIYET MAHALLESI,ESENYURT,470.00000
INCIRTEPE MAHALLESI,ESENYURT,460.00000
INONU MAHALLESI,ESENYURT,460.00000
ISTIKLAL MAHALLESI,ESENYURT,495.00000
KOZA MAHALLESI,ESENYURT,358.00000
MEHMET AKIF ERSOY MAHALLESI,ESENYURT,527.00000
MEHTERCESME MAHALLESI,ESENYURT,575.00000
MEVLANA MAHALLESI,ESENYURT,575.00000
NAMIK KEMAL MAHALLESI,ESENYURT,541.00000
NECIP FAZIL KISAKUREK MAHALLESI,ESENYURT,495.00000
ORHAN GAZI MAHALLESI,ESENYURT,422.00000
OSMANGAZI MAHALLESI,ESENYURT,474.00000
ORNEK MAHALLESI,ESENYURT,280.00000
PINAR MAHALLESI,ESENYURT,452.00000
PIRI REIS MAHALLESI,ESENYURT,521.00000
SAADETDERE MAHALLESI,ESENYURT,304.00000
SELAHADDIN EYYUBI MAHALLESI,ESENYURT,342.00000
SULTANIYE MAHALLESI,ESENYURT,354.00000
SULEYMANIYE MAHALLESI,ESENYURT,472.00000
SEHITLER MAHALLESI,ESENYURT,405.00000
TALATPASA MAHALLESI,ESENYURT,510.00000
TURGUT OZAL MAHALLESI,ESENYURT,510.00000
UCEVLER MAHALLESI,ESENYURT,410.00000
YENIKENT MAHALLESI,ESENYURT,472.00000
YESILKENT MAHALLESI,ESENYURT,525.00000
YUNUS EMRE MAHALLESI,ESENYURT,460.00000
ZAFER MAHALLESI,ESENYURT,538.00000
AGACLI MAHALLESI,EYUPSULTAN,388.00000
AKPINAR MAHALLESI,EYUPSULTAN,385.00000
AKSEMSETTIN MAHALLESI,EYUPSULTAN,426.00000
ALIBEYKOY MAHALLESI,EYUPSULTAN,432.00000
CIRCIR MAHALLESI,EYUPSULTAN,481.00000
CIFTALAN MAHALLESI,EYUPSULTAN,392.00000
DEFTERDAR MAHALLESI,EYUPSULTAN,392.00000
DUGMECILER MAHALLESI,EYUPSULTAN,478.00000
EMNIYETTEPE MAHALLESI,EYUPSULTAN,281.00000
ESENTEPE MAHALLESI,EYUPSULTAN,452.00000
GOKTURK MERKEZ MAHALLESI,EYUPSULTAN,246.00000
GUZELTEPE MAHALLESI,EYUPSULTAN,311.00000
ISIKLAR MAHALLESI,EYUPSULTAN,393.00000
IHSANIYE MAHALLESI,EYUPSULTAN,275.00000
ISLAMBEY MAHALLESI,EYUPSULTAN,535.00000
KARADOLAP MAHALLESI,EYUPSULTAN,449.00000
MERKEZ MAHALLESI,EYUPSULTAN,499.00000
MIMAR SINAN MAHALLESI,EYUPSULTAN,299.00000
MITHATPASA MAHALLESI,EYUPSULTAN,412.00000
NISANCI MAHALLESI,EYUPSULTAN,488.00000
ODAYERI MAHALLESI,EYUPSULTAN,365.00000
PIRINCCI MAHALLESI,EYUPSULTAN,302.00000
RAMI CUMA MAHALLESI,EYUPSULTAN,535.00000
RAMI YENI MAHALLESI,EYUPSULTAN,407.00000
SAKARYA MAHALLESI,EYUPSULTAN,452.00000
SILAHTARAGA MAHALLESI,EYUPSULTAN,415.00000
TOPCULAR MAHALLESI,EYUPSULTAN,360.00000
YESILPINAR MAHALLESI,EYUPSULTAN,297.00000
AKSARAY MAHALLESI,FATIH,399.00000
AKSEMSETTIN MAHALLESI,FATIH,345.00000
ALEMDAR MAHALLESI,FATIH,366.00000
ALI KUSCU MAHALLESI,FATIH,458.00000
ATIKALI MAHALLESI,FATIH,270.00000
AYVANSARAY MAHALLESI,FATIH,476.00000
BALABANAGA MAHALLESI,FATIH,408.00000
BALAT MAHALLESI,FATIH,422.00000
BEYAZIT MAHALLESI,FATIH,342.00000
BINBIRDIREK MAHALLESI,FATIH,366.00000
CANKURTARAN MAHALLESI,FATIH,388.00000
CERRAHPASA MAHALLESI,FATIH,392.00000
CIBALI MAHALLESI,FATIH,600.00000
DEMIRTAS MAHALLESI,FATIH,600.00000
DERVIS ALI MAHALLESI,FATIH,270.00000
EMIN SINAN MAHALLESI,FATIH,342.00000
HACI KADIN MAHALLESI,FATIH,344.00000
HASEKI SULTAN MAHALLESI,FATIH,431.00000
HIRKA-I SERIF MAHALLESI,FATIH,270.00000
HOBYAR MAHALLESI,FATIH,600.00000
HOCA GIYASETTIN MAHALLESI,FATIH,344.00000
HOCAPASA MAHALLESI,FATIH,600.00000
ISKENDERPASA MAHALLESI,FATIH,351.00000
KALENDERHANE MAHALLESI,FATIH,344.00000
KARAGUMRUK MAHALLESI,FATIH,263.00000
KATIP KASIM MAHALLESI,FATIH,408.00000
KEMALPASA MAHALLESI,FATIH,351.00000
KOCA MUSTAFAPASA MAHALLESI,FATIH,415.00000
KUCUK AYASOFYA MAHALLESI,FATIH,354.00000
MERCAN MAHALLESI,FATIH,600.00000
MESIHPASA MAHALLESI,FATIH,408.00000
MEVLANAKAPI MAHALLESI,FATIH,316.00000
MIMAR HAYRETTIN MAHALLESI,FATIH,342.00000
MIMAR KEMALETTIN MAHALLESI,FATIH,408.00000
MOLLA FENARI MAHALLESI,FATIH,366.00000
MOLLA GURANI MAHALLESI,FATIH,345.00000
MOLLA HUSREV MAHALLESI,FATIH,344.00000
MUHSINE HATUN MAHALLESI,FATIH,349.00000
NISANCA MAHALLESI,FATIH,408.00000
RUSTEMPASA MAHALLESI,FATIH,600.00000
SARAC ISHAK MAHALLESI,FATIH,342.00000
SARIDEMIR MAHALLESI,FATIH,600.00000
SEYYID OMER MAHALLESI,FATIH,378.00000
SILIVRIKAPI MAHALLESI,FATIH,378.00000
SULTAN AHMET MAHALLESI,FATIH,366.00000
SURURI MAHALLESI,FATIH,600.00000
SULEYMANIYE MAHALLESI,FATIH,600.00000
SUMBUL EFENDI MAHALLESI,FATIH,369.00000
SEHREMINI MAHALLESI,FATIH,297.00000
SEHSUVAR BEY MAHALLESI,FATIH,342.00000
TAHTAKALE MAHALLESI,FATIH,600.00000
TAYA HATUN MAHALLESI,FATIH,342.00000
TOPKAPI MAHALLESI,FATIH,297.00000
YAVUZ SINAN MAHALLESI,FATIH,344.00000
YAVUZ SULTAN SELIM MAHALLESI,FATIH,458.00000
YEDIKULE MAHALLESI,FATIH,332.00000
ZEYREK MAHALLESI,FATIH,344.00000
BAGLARBASI MAHALLESI,GAZIOSMANPASA,305.00000
BARBAROS HAYRETTIN PASA MAHALLESI,GAZIOSMANPASA,453.00000
FEVZI CAKMAK MAHALLESI,GAZIOSMANPASA,274.00000
HURRIYET MAHALLESI,GAZIOSMANPASA,436.00000
KARADENIZ MAHALLESI,GAZIOSMANPASA,411.00000
KARAYOLLARI MAHALLESI,GAZIOSMANPASA,299.00000
KARLITEPE MAHALLESI,GAZIOSMANPASA,402.00000
KAZIM KARABEKIR MAHALLESI,GAZIOSMANPASA,274.00000
MERKEZ MAHALLESI,GAZIOSMANPASA,316.00000
MEVLANA MAHALLESI,GAZIOSMANPASA,452.00000
PAZARICI MAHALLESI,GAZIOSMANPASA,525.00000
SARIGOL MAHALLESI,GAZIOSMANPASA,378.00000
SEMSIPASA MAHALLESI,GAZIOSMANPASA,443.00000
YENI MAHALLE MAHALLESI,GAZIOSMANPASA,476.00000
YENIDOGAN MAHALLESI,GAZIOSMANPASA,402.00000
YILDIZTABYA MAHALLESI,GAZIOSMANPASA,225.00000
ABDURRAHMAN NAFIZ GURMAN MAHALLESI,GUNGOREN,366.00000
AKINCILAR MAHALLESI,GUNGOREN,326.00000
GENCOSMAN MAHALLESI,GUNGOREN,330.00000
GUNESTEPE MAHALLESI,GUNGOREN,332.00000
GUVEN MAHALLESI,GUNGOREN,374.00000
HAZNEDAR MAHALLESI,GUNGOREN,346.00000
MARESAL CAKMAK MAHALLESI,GUNGOREN,326.00000
MEHMET NESIH OZMEN MAHALLESI,GUNGOREN,339.00000
MERKEZ MAHALLESI,GUNGOREN,346.00000
SANAYI MAHALLESI,GUNGOREN,353.00000
TOZKOPARAN MAHALLESI,GUNGOREN,291.00000
19 MAYIS MAHALLESI,KADIKOY,341.00000
ACIBADEM MAHALLESI,KADIKOY,388.00000
BOSTANCI MAHALLESI,KADIKOY,407.00000
CADDEBOSTAN MAHALLESI,KADIKOY,371.00000
CAFERAGA MAHALLESI,KADIKOY,288.00000
DUMLUPINAR MAHALLESI,KADIKOY,333.00000
EGITIM MAHALLESI,KADIKOY,324.00000
ERENKOY MAHALLESI,KADIKOY,344.00000
FENERBAHCE MAHALLESI,KADIKOY,372.00000
FENERYOLU MAHALLESI,KADIKOY,396.00000
FIKIRTEPE MAHALLESI,KADIKOY,324.00000
GOZTEPE MAHALLESI,KADIKOY,388.00000
HASANPASA MAHALLESI,KADIKOY,403.00000
KOSUYOLU MAHALLESI,KADIKOY,434.00000
KOZYATAGI MAHALLESI,KADIKOY,402.00000
MERDIVENKOY MAHALLESI,KADIKOY,243.00000
OSMANAGA MAHALLESI,KADIKOY,350.00000
RASIMPASA MAHALLESI,KADIKOY,380.00000
SAHRAYICEDIT MAHALLESI,KADIKOY,376.00000
SUADIYE MAHALLESI,KADIKOY,409.00000
ZUHTUPASA MAHALLESI,KADIKOY,382.00000
CAGLAYAN MAHALLESI,KAGITHANE,495.00000
CELIKTEPE MAHALLESI,KAGITHANE,481.00000
EMNIYET EVLERI MAHALLESI,KAGITHANE,288.00000
GULTEPE MAHALLESI,KAGITHANE,425.00000
GURSEL MAHALLESI,KAGITHANE,514.00000
HAMIDIYE MAHALLESI,KAGITHANE,407.00000
HARMANTEPE MAHALLESI,KAGITHANE,519.00000
HURRIYET MAHALLESI,KAGITHANE,495.00000
MEHMET AKIF ERSOY MAHALLESI,KAGITHANE,480.00000
MERKEZ MAHALLESI,KAGITHANE,384.00000
NURTEPE MAHALLESI,KAGITHANE,329.00000
ORTABAYIR MAHALLESI,KAGITHANE,393.00000
SEYRANTEPE MAHALLESI,KAGITHANE,485.00000
SULTAN SELIM MAHALLESI,KAGITHANE,433.00000
SIRINTEPE MAHALLESI,KAGITHANE,521.00000
TALATPASA MAHALLESI,KAGITHANE,310.00000
TELSIZLER MAHALLESI,KAGITHANE,393.00000
YAHYA KEMAL MAHALLESI,KAGITHANE,459.00000
YESILCE MAHALLESI,KAGITHANE,429.00000
ATALAR MAHALLESI,KARTAL,395.00000
CEVIZLI MAHALLESI,KARTAL,374.00000
CUMHURIYET MAHALLESI,KARTAL,551.00000
CAVUSOGLU MAHALLESI,KARTAL,410.00000
ESENTEPE MAHALLESI,KARTAL,364.00000
GUMUSPINAR MAHALLESI,KARTAL,479.00000
HURRIYET MAHALLESI,KARTAL,582.00000
KARLIKTEPE MAHALLESI,KARTAL,372.00000
KORDONBOYU MAHALLESI,KARTAL,400.00000
ORHANTEPE MAHALLESI,KARTAL,342.00000
ORTA MAHALLESI,KARTAL,447.00000
PETROL IS MAHALLESI,KARTAL,464.00000
SOGANLIK YENI MAHALLESI,KARTAL,443.00000
TOPSELVI MAHALLESI,KARTAL,465.00000
UGUR MUMCU MAHALLESI,KARTAL,461.00000
YAKACIK CARSI MAHALLESI,KARTAL,571.00000
YAKACIK YENI MAHALLESI,KARTAL,660.00000
YALI MAHALLESI,KARTAL,405.00000
YUKARI MAHALLESI,KARTAL,450.00000
YUNUS MAHALLESI,KARTAL,404.00000
ATAKENT MAHALLESI,KUCUKCEKMECE,332.00000
ATATURK MAHALLESI,KUCUKCEKMECE,393.00000
BESYOL MAHALLESI,KUCUKCEKMECE,332.00000
CENNET MAHALLESI,KUCUKCEKMECE,386.00000
CUMHURIYET MAHALLESI,KUCUKCEKMECE,501.00000
FATIH MAHALLESI,KUCUKCEKMECE,252.00000
FEVZI CAKMAK MAHALLESI,KUCUKCEKMECE,285.00000
GULTEPE MAHALLESI,KUCUKCEKMECE,345.00000
HALKALI MERKEZ MAHALLESI,KUCUKCEKMECE,408.00000
INONU MAHALLESI,KUCUKCEKMECE,472.00000
ISTASYON MAHALLESI,KUCUKCEKMECE,444.00000
KANARYA MAHALLESI,KUCUKCEKMECE,479.00000
KARTALTEPE MAHALLESI,KUCUKCEKMECE,443.00000
KEMALPASA MAHALLESI,KUCUKCEKMECE,371.00000
MEHMET AKIF MAHALLESI,KUCUKCEKMECE,346.00000
SOGUTLU CESME MAHALLESI,KUCUKCEKMECE,261.00000
SULTAN MURAT MAHALLESI,KUCUKCEKMECE,371.00000
TEVFIKBEY MAHALLESI,KUCUKCEKMECE,488.00000
YARIMBURGAZ MAHALLESI,KUCUKCEKMECE,294.00000
YENI MAHALLE MAHALLESI,KUCUKCEKMECE,471.00000
YESILOVA MAHALLESI,KUCUKCEKMECE,345.00000
ALTAYCESME MAHALLESI,MALTEPE,418.00000
ALTINTEPE MAHALLESI,MALTEPE,417.00000
AYDINEVLER MAHALLESI,MALTEPE,397.00000
BAGLARBASI MAHALLESI,MALTEPE,432.00000
BASIBUYUK MAHALLESI,MALTEPE,470.00000
BUYUKBAKKALKOY MAHALLESI,MALTEPE,456.00000
CEVIZLI MAHALLESI,MALTEPE,368.00000
CINAR MAHALLESI,MALTEPE,406.00000
ESENKENT MAHALLESI,MALTEPE,567.00000
FEYZULLAH MAHALLESI,MALTEPE,393.00000
FINDIKLI MAHALLESI,MALTEPE,428.00000
GIRNE MAHALLESI,MALTEPE,458.00000
GULENSU MAHALLESI,MALTEPE,586.00000
GULSUYU MAHALLESI,MALTEPE,593.00000
IDEALTEPE MAHALLESI,MALTEPE,406.00000
KUCUKYALI MERKEZ MAHALLESI,MALTEPE,417.00000
YALI MAHALLESI,MALTEPE,365.00000
ZUMRUTEVLER MAHALLESI,MALTEPE,602.00000
AHMET YESEVI MAHALLESI,PENDIK,376.00000
BAHCELIEVLER MAHALLESI,PENDIK,398.00000
BALLICA MAHALLESI,PENDIK,268.00000
BATI MAHALLESI,PENDIK,289.00000
CAMCESME MAHALLESI,PENDIK,388.00000
CAMLIK MAHALLESI,PENDIK,494.00000
CINARDERE MAHALLESI,PENDIK,631.00000
DOGU MAHALLESI,PENDIK,370.00000
DUMLUPINAR MAHALLESI,PENDIK,535.00000
EMIRLI MAHALLESI,PENDIK,413.00000
ERTUGRUL GAZI MAHALLESI,PENDIK,724.00000
ESENLER MAHALLESI,PENDIK,400.00000
ESENYALI MAHALLESI,PENDIK,446.00000
FATIH MAHALLESI,PENDIK,396.00000
FEVZI CAKMAK MAHALLESI,PENDIK,427.00000
GOCBEYLI MAHALLESI,PENDIK,317.00000
GULLU BAGLAR MAHALLESI,PENDIK,461.00000
GUZELYALI MAHALLESI,PENDIK,396.00000
HARMANDERE MAHALLESI,PENDIK,390.00000
KAVAKPINAR MAHALLESI,PENDIK,383.00000
KAYNARCA MAHALLESI,PENDIK,492.00000
KURNA MAHALLESI,PENDIK,541.00000
KURTDOGMUS MAHALLESI,PENDIK,439.00000
KURTKOY MAHALLESI,PENDIK,421.00000
ORHANGAZI MAHALLESI,PENDIK,412.00000
ORTA MAHALLESI,PENDIK,579.00000
RAMAZANOGLU MAHALLESI,PENDIK,430.00000
SANAYI MAHALLESI,PENDIK,334.00000
SAPAN BAGLARI MAHALLESI,PENDIK,335.00000
SULUNTEPE MAHALLESI,PENDIK,471.00000
SEYHLI MAHALLESI,PENDIK,457.00000
VELIBABA MAHALLESI,PENDIK,459.00000
YAYALAR MAHALLESI,PENDIK,505.00000
YENI MAHALLESI,PENDIK,335.00000
YENISEHIR MAHALLESI,PENDIK,416.00000
YESILBAGLAR MAHALLESI,PENDIK,396.00000
ABDURRAHMANGAZI MAHALLESI,SANCAKTEPE,340.00000
AKPINAR MAHALLESI,SANCAKTEPE,456.00000
ATATURK MAHALLESI,SANCAKTEPE,294.00000
EMEK MAHALLESI,SANCAKTEPE,296.00000
EYUP SULTAN MAHALLESI,SANCAKTEPE,335.00000
FATIH MAHALLESI,SANCAKTEPE,406.00000
HILAL MAHALLESI,SANCAKTEPE,390.00000
INONU MAHALLESI,SANCAKTEPE,291.00000
KEMAL TURKLER MAHALLESI,SANCAKTEPE,279.00000
MECLIS MAHALLESI,SANCAKTEPE,239.00000
MERVE MAHALLESI,SANCAKTEPE,345.00000
MEVLANA MAHALLESI,SANCAKTEPE,377.00000
OSMANGAZI MAHALLESI,SANCAKTEPE,286.00000
PASAKOY MAHALLESI,SANCAKTEPE,509.00000
SAFA MAHALLESI,SANCAKTEPE,386.00000
SARIGAZI MAHALLESI,SANCAKTEPE,372.00000
VEYSEL KARANI MAHALLESI,SANCAKTEPE,488.00000
YENIDOGAN MAHALLESI,SANCAKTEPE,403.00000
YUNUS EMRE MAHALLESI,SANCAKTEPE,334.00000
AYAZAGA MAHALLESI,SARIYER,420.00000
BAHCEKOY KEMER MAHALLESI,SARIYER,408.00000
BAHCEKOY MERKEZ MAHALLESI,SARIYER,408.00000
BAHCEKOY YENI MAHALLESI,SARIYER,408.00000
BALTALIMANI MAHALLESI,SARIYER,500.00000
BUYUKDERE MAHALLESI,SARIYER,609.00000
CUMHURIYET MAHALLESI,SARIYER,497.00000
CAMLITEPE MAHALLESI,SARIYER,420.00000
CAYIRBASI MAHALLESI,SARIYER,468.00000
DARUSSAFAKA MAHALLESI,SARIYER,436.00000
DEMIRCIKOY MAHALLESI,SARIYER,600.00000
EMIRGAN MAHALLESI,SARIYER,516.00000
FATIH SULTAN MEHMET MAHALLESI,SARIYER,356.00000
FERAHEVLER MAHALLESI,SARIYER,388.00000
GARIPCE MAHALLESI,SARIYER,600.00000
GUMUSDERE MAHALLESI,SARIYER,419.00000
HUZUR MAHALLESI,SARIYER,468.00000
ISTINYE MAHALLESI,SARIYER,417.00000
KAZIM KARABEKIR PASA MAHALLESI,SARIYER,594.00000
KISIRKAYA MAHALLESI,SARIYER,600.00000
KIRECBURNU MAHALLESI,SARIYER,549.00000
KOCATAS MAHALLESI,SARIYER,554.00000
KUMKOY (KILYOS) MAHALLESI,SARIYER,436.00000
MADEN MAHALLESI,SARIYER,433.00000
MASLAK MAHALLESI,SARIYER,378.00000
PINAR MAHALLESI,SARIYER,441.00000
POLIGON MAHALLESI,SARIYER,467.00000
PTT EVLERI MAHALLESI,SARIYER,511.00000
RESITPASA MAHALLESI,SARIYER,364.00000
RUMELIHISARI MAHALLESI,SARIYER,548.00000
RUMELIKAVAGI MAHALLESI,SARIYER,603.00000
RUMELIFENERI MAHALLESI,SARIYER,451.00000
SARIYER MERKEZ MAHALLESI,SARIYER,600.00000
TARABYA MAHALLESI,SARIYER,600.00000
USKUMRUKOY MAHALLESI,SARIYER,335.00000
YENI MAHALLESI,SARIYER,523.00000
YENIKOY MAHALLESI,SARIYER,428.00000
ZEKERIYAKOY MAHALLESI,SARIYER,523.00000
AKOREN MAHALLESI,SILIVRI,378.00000
ALIBEY MAHALLESI,SILIVRI,413.00000
ALIPASA MAHALLESI,SILIVRI,322.00000
BALABAN MAHALLESI,SILIVRI,556.00000
BEKIRLI MAHALLESI,SILIVRI,402.00000
BEYCILER MAHALLESI,SILIVRI,266.00000
BUYUK CAVUSLU MAHALLESI,SILIVRI,381.00000
BUYUK KILICLI MAHALLESI,SILIVRI,413.00000
BUYUK SINEKLI MAHALLESI,SILIVRI,420.00000
CUMHURIYET MAHALLESI,SILIVRI,500.00000
CAYIRDERE MAHALLESI,SILIVRI,277.00000
CELTIK MAHALLESI,SILIVRI,372.00000
DANAMANDIRA MAHALLESI,SILIVRI,339.00000
FATIH MAHALLESI,SILIVRI,400.00000
FENER MAHALLESI,SILIVRI,375.00000
DEGIRMENKOY FEVZIPASA MAHALLESI,SILIVRI,300.00000
GAZITEPE MAHALLESI,SILIVRI,406.00000
GUMUSYAKA MAHALLESI,SILIVRI,455.00000
HURRIYET MAHALLESI,SILIVRI,414.00000
ISMETPASA MAHALLESI,SILIVRI,466.00000
KADIKOY MAHALLESI,SILIVRI,336.00000
KAVAKLI MAHALLESI,SILIVRI,354.00000
KURFALLI MAHALLESI,SILIVRI,452.00000
KUCUK KILICLI MAHALLESI,SILIVRI,380.00000
KUCUK SINEKLI MAHALLESI,SILIVRI,231.00000
MIMAR SINAN MAHALLESI,SILIVRI,438.00000
ORTAKOY MAHALLESI,SILIVRI,473.00000
PIRI MEHMET PASA MAHALLESI,SILIVRI,600.00000
SANCAKTEPE MAHALLESI,SILIVRI,447.00000
SAYALAR MAHALLESI,SILIVRI,293.00000
SELIMPASA MAHALLESI,SILIVRI,316.00000
SEMIZKUMLAR MAHALLESI,SILIVRI,329.00000
SEYMEN MAHALLESI,SILIVRI,392.00000
YENI MAHALLESI,SILIVRI,360.00000
YOLCATI MAHALLESI,SILIVRI,489.00000
ABDURRAHMANGAZI MAHALLESI,SULTANBEYLI,574.00000
ADIL MAHALLESI,SULTANBEYLI,335.00000
AHMET YESEVI MAHALLESI,SULTANBEYLI,408.00000
AKSEMSETTIN MAHALLESI,SULTANBEYLI,392.00000
BATTALGAZI MAHALLESI,SULTANBEYLI,520.00000
FATIH MAHALLESI,SULTANBEYLI,452.00000
HAMIDIYE MAHALLESI,SULTANBEYLI,468.00000
HASANPASA MAHALLESI,SULTANBEYLI,483.00000
MECIDIYE MAHALLESI,SULTANBEYLI,356.00000
MEHMET AKIF MAHALLESI,SULTANBEYLI,493.00000
MIMAR SINAN MAHALLESI,SULTANBEYLI,360.00000
NECIP FAZIL MAHALLESI,SULTANBEYLI,542.00000
ORHANGAZI MAHALLESI,SULTANBEYLI,401.00000
TURGUT REIS MAHALLESI,SULTANBEYLI,495.00000
YAVUZ SELIM MAHALLESI,SULTANBEYLI,741.00000
50. YIL MAHALLESI,SULTANGAZI,312.00000
75. YIL MAHALLESI,SULTANGAZI,487.00000
CEBECI MAHALLESI,SULTANGAZI,334.00000
CUMHURIYET MAHALLESI,SULTANGAZI,383.00000
ESENTEPE MAHALLESI,SULTANGAZI,370.00000
ESKI HABIPLER MAHALLESI,SULTANGAZI,297.00000
GAZI MAHALLESI,SULTANGAZI,365.00000
HABIBLER MAHALLESI,SULTANGAZI,416.00000
ISMETPASA MAHALLESI,SULTANGAZI,278.00000
MALKOCOGLU MAHALLESI,SULTANGAZI,292.00000
SULTANCIFTLIGI MAHALLESI,SULTANGAZI,359.00000
UGUR MUMCU MAHALLESI,SULTANGAZI,290.00000
YAYLA MAHALLESI,SULTANGAZI,442.00000
YUNUS EMRE MAHALLESI,SULTANGAZI,456.00000
ZUBEYDE HANIM MAHALLESI,SULTANGAZI,521.00000
AGACDERE MAHALLESI,SILE,239.00000
AGVA MERKEZ MAHALLESI,SILE,600.00000
AHMETLI MAHALLESI,SILE,443.00000
AKCAKESE MAHALLESI,SILE,457.00000
ALACALI MAHALLESI,SILE,450.00000
AVCIKORU MAHALLESI,SILE,267.00000
BALIBEY MAHALLESI,SILE,405.00000
BICKIDERE MAHALLESI,SILE,295.00000
BOZGOCA MAHALLESI,SILE,498.00000
BUCAKLI MAHALLESI,SILE,474.00000
CATAKLI MAHALLESI,SILE,475.00000
CAVUS MAHALLESI,SILE,434.00000
CAYIRBASI MAHALLESI,SILE,409.00000
CELEBI MAHALLESI,SILE,493.00000
CENGILLI MAHALLESI,SILE,473.00000
DARLIK MAHALLESI,SILE,307.00000
DEGIRMENCAYIRI MAHALLESI,SILE,502.00000
DOGANCILI MAHALLESI,SILE,443.00000
ERENLER MAHALLESI,SILE,435.00000
ESENCELI MAHALLESI,SILE,524.00000
GEREDELI MAHALLESI,SILE,407.00000
GOCE MAHALLESI,SILE,354.00000
GOKMASLI MAHALLESI,SILE,528.00000
GOKSU MAHALLESI,SILE,417.00000
HACI KASIM MAHALLESI,SILE,409.00000
HACILLI MAHALLESI,SILE,494.00000
HASANLI MAHALLESI,SILE,469.00000
IMRENDERE MAHALLESI,SILE,504.00000
IMRENLI MAHALLESI,SILE,448.00000
ISAKOY MAHALLESI,SILE,546.00000
KABAKOZ MAHALLESI,SILE,287.00000
KADIKOY MAHALLESI,SILE,406.00000
KALEM MAHALLESI,SILE,550.00000
KARABEYLI MAHALLESI,SILE,385.00000
KARACAKOY MAHALLESI,SILE,423.00000
KARAKIRAZ MAHALLESI,SILE,265.00000
KARAMANDERE MAHALLESI,SILE,453.00000
KERVANSARAY MAHALLESI,SILE,382.00000
KIZILCA MAHALLESI,SILE,472.00000
KORUCU MAHALLESI,SILE,396.00000
KOMURLUK MAHALLESI,SILE,396.00000
KUMBABA MAHALLESI,SILE,275.00000
KURFALLI MAHALLESI,SILE,418.00000
KURNA MAHALLESI,SILE,334.00000
MESRUTIYET MAHALLESI,SILE,396.00000
ORUCOGLU MAHALLESI,SILE,286.00000
OSMANKOY MAHALLESI,SILE,341.00000
OVACIK MAHALLESI,SILE,409.00000
SAHILKOY MAHALLESI,SILE,416.00000
SATMAZLI MAHALLESI,SILE,408.00000
SOFULAR MAHALLESI,SILE,384.00000
SOGULLU MAHALLESI,SILE,483.00000
SORTULLU MAHALLESI,SILE,525.00000
SUAYIPLI MAHALLESI,SILE,489.00000
TEKE MAHALLESI,SILE,430.00000
ULUPELIT MAHALLESI,SILE,390.00000
UVEZLI MAHALLESI,SILE,297.00000
YAKA MAHALLESI,SILE,502.00000
YAYLALI MAHALLESI,SILE,479.00000
YAZIMANAYIR MAHALLESI,SILE,320.00000
YENIKOY MAHALLESI,SILE,394.00000
YESILVADI MAHALLESI,SILE,458.00000
19 MAYIS MAHALLESI,SISLI,387.00000
BOZKURT MAHALLESI,SISLI,373.00000
CUMHURIYET MAHALLESI,SISLI,359.00000
DUATEPE MAHALLESI,SISLI,373.00000
ERGENEKON MAHALLESI,SISLI,373.00000
ESENTEPE MAHALLESI,SISLI,370.00000
ESKISEHIR MAHALLESI,SISLI,390.00000
FERIKOY MAHALLESI,SISLI,373.00000
FULYA MAHALLESI,SISLI,411.00000
GULBAHAR MAHALLESI,SISLI,393.00000
HALASKARGAZI MAHALLESI,SISLI,446.00000
HALIDE EDIP ADIVAR MAHALLESI,SISLI,406.00000
HALIL RIFAT PASA MAHALLESI,SISLI,310.00000
HARBIYE MAHALLESI,SISLI,505.00000
INONU MAHALLESI,SISLI,390.00000
IZZETPASA MAHALLESI,SISLI,332.00000
KAPTANPASA MAHALLESI,SISLI,470.00000
KUSTEPE MAHALLESI,SISLI,425.00000
MAHMUT SEVKET PASA MAHALLESI,SISLI,416.00000
MECIDIYEKOY MAHALLESI,SISLI,316.00000
MERKEZ MAHALLESI,SISLI,387.00000
MESRUTIYET MAHALLESI,SISLI,387.00000
PASA MAHALLESI,SISLI,425.00000
TESVIKIYE MAHALLESI,SISLI,462.00000
YAYLA MAHALLESI,SISLI,425.00000
AKFIRAT MAHALLESI,TUZLA,382.00000
ANADOLU MAHALLESI,TUZLA,444.00000
AYDINLI MAHALLESI,TUZLA,430.00000
AYDINTEPE MAHALLESI,TUZLA,424.00000
CAMI MAHALLESI,TUZLA,305.00000
EVLIYA CELEBI MAHALLESI,TUZLA,600.00000
FATIH MAHALLESI,TUZLA,320.00000
ICMELER MAHALLESI,TUZLA,460.00000
ISTASYON MAHALLESI,TUZLA,406.00000
MESCIT MAHALLESI,TUZLA,359.00000
MIMAR SINAN MAHALLESI,TUZLA,277.00000
ORHANLI MAHALLESI,TUZLA,267.00000
ORTA MAHALLESI,TUZLA,472.00000
POSTANE MAHALLESI,TUZLA,237.00000
SIFA MAHALLESI,TUZLA,350.00000
TEPEOREN MAHALLESI,TUZLA,377.00000
YAYLA MAHALLESI,TUZLA,286.00000
ADEM YAVUZ MAHALLESI,UMRANIYE,299.00000
ALTINSEHIR MAHALLESI,UMRANIYE,370.00000
ARMAGANEVLER MAHALLESI,UMRANIYE,426.00000
ASAGI DUDULLU MAHALLESI,UMRANIYE,331.00000
ATAKENT MAHALLESI,UMRANIYE,442.00000
ATATURK MAHALLESI,UMRANIYE,320.00000
CEMIL MERIC MAHALLESI,UMRANIYE,328.00000
CAKMAK MAHALLESI,UMRANIYE,408.00000
CAMLIK MAHALLESI,UMRANIYE,350.00000
DUMLUPINAR MAHALLESI,UMRANIYE,386.00000
ELMALIKENT MAHALLESI,UMRANIYE,392.00000
ESENEVLER MAHALLESI,UMRANIYE,444.00000
ESENKENT MAHALLESI,UMRANIYE,296.00000
ESENSEHIR MAHALLESI,UMRANIYE,300.00000
FATIH SULTAN MEHMET MAHALLESI,UMRANIYE,379.00000
HEKIMBASI MAHALLESI,UMRANIYE,439.00000
HUZUR MAHALLESI,UMRANIYE,299.00000
IHLAMURKUYU MAHALLESI,UMRANIYE,280.00000
INKILAP MAHALLESI,UMRANIYE,362.00000
ISTIKLAL MAHALLESI,UMRANIYE,445.00000
KAZIM KARABEKIR MAHALLESI,UMRANIYE,330.00000
MADENLER MAHALLESI,UMRANIYE,292.00000
MEHMET AKIF MAHALLESI,UMRANIYE,370.00000
NAMIK KEMAL MAHALLESI,UMRANIYE,444.00000
NECIP FAZIL MAHALLESI,UMRANIYE,328.00000
PARSELLER MAHALLESI,UMRANIYE,266.00000
SITE MAHALLESI,UMRANIYE,442.00000
SERIFALI MAHALLESI,UMRANIYE,381.00000
TANTAVI MAHALLESI,UMRANIYE,341.00000
TATLISU MAHALLESI,UMRANIYE,385.00000
TEPEUSTU MAHALLESI,UMRANIYE,349.00000
TOPAGACI MAHALLESI,UMRANIYE,333.00000
YAMANEVLER MAHALLESI,UMRANIYE,277.00000
YUKARI DUDULLU MAHALLESI,UMRANIYE,305.00000
ACIBADEM MAHALLESI,USKUDAR,532.00000
AHMEDIYE MAHALLESI,USKUDAR,430.00000
ALTUNIZADE MAHALLESI,USKUDAR,425.00000
AZIZ MAHMUT HUDAYI MAHALLESI,USKUDAR,600.00000
BAHCELIEVLER MAHALLESI,USKUDAR,398.00000
BARBAROS MAHALLESI,USKUDAR,440.00000
BEYLERBEYI MAHALLESI,USKUDAR,492.00000
BULGURLU MAHALLESI,USKUDAR,464.00000
BURHANIYE MAHALLESI,USKUDAR,406.00000
CUMHURIYET MAHALLESI,USKUDAR,466.00000
CENGELKOY MAHALLESI,USKUDAR,492.00000
FERAH MAHALLESI,USKUDAR,525.00000
GUZELTEPE MAHALLESI,USKUDAR,365.00000
ICADIYE MAHALLESI,USKUDAR,522.00000
KANDILLI MAHALLESI,USKUDAR,583.00000
KISIKLI MAHALLESI,USKUDAR,437.00000
KIRAZLITEPE MAHALLESI,USKUDAR,545.00000
KULELI MAHALLESI,USKUDAR,573.00000
KUZGUNCUK MAHALLESI,USKUDAR,522.00000
KUCUK CAMLICA MAHALLESI,USKUDAR,472.00000
KUCUKSU MAHALLESI,USKUDAR,506.00000
KUPLUCE MAHALLESI,USKUDAR,575.00000
MEHMET AKIF ERSOY MAHALLESI,USKUDAR,533.00000
MIMAR SINAN MAHALLESI,USKUDAR,508.00000
MURATREIS MAHALLESI,USKUDAR,441.00000
SALACAK MAHALLESI,USKUDAR,430.00000
SELAMI ALI MAHALLESI,USKUDAR,441.00000
SELIMIYE MAHALLESI,USKUDAR,381.00000
SULTANTEPE MAHALLESI,USKUDAR,497.00000
UNALAN MAHALLESI,USKUDAR,466.00000
VALIDE-I ATIK MAHALLESI,USKUDAR,392.00000
YAVUZTURK MAHALLESI,USKUDAR,426.00000
ZEYNEP KAMIL MAHALLESI,USKUDAR,392.00000
BESTELSIZ MAHALLESI,ZEYTINBURNU,337.00000
CIRPICI MAHALLESI,ZEYTINBURNU,376.00000
GOKALP MAHALLESI,ZEYTINBURNU,395.00000
KAZLICESME MAHALLESI,ZEYTINBURNU,372.00000
MALTEPE MAHALLESI,ZEYTINBURNU,391.00000
MERKEZEFENDI MAHALLESI,ZEYTINBURNU,372.00000
NURIPASA MAHALLESI,ZEYTINBURNU,353.00000
SEYITNIZAM MAHALLESI,ZEYTINBURNU,247.00000
SUMER MAHALLESI,ZEYTINBURNU,346.00000
TELSIZ MAHALLESI,ZEYTINBURNU,337.00000
VELIEFENDI MAHALLESI,ZEYTINBURNU,376.00000
YENIDOGAN MAHALLESI,ZEYTINBURNU,395.00000
YESILTEPE MAHALLESI,ZEYTINBURNU,346.00000
